variant,model,seed,d_common_acc,d_common_auc,d_common_ece,d_sex_dp_diff,d_sex_tpr_gap,d_race_dp_diff,d_race_tpr_gap,d_own_acc,d_own_auc,d_own_ece,d_common_posrate_pred,churn_vs_base,abs_d_common_acc
V1_workforce,logreg,0,-0.0010000000000000009,-0.00015516418582706137,-0.005213276852049467,0.008619291130312151,0.019681043115722274,-0.0021805277001993306,0.005482456140350922,-0.00614254286721827,-0.00019079469201344068,0.005806579497094132,0.003500000000000003,0.009,0.0010000000000000009
V1_workforce,logreg,1,0.0022499999999999742,-7.640914550444133e-05,0.002391330105834295,-0.0011073884676423562,0.0,-0.005593459666485473,-0.02331871345029235,-0.002072684621034715,0.003326830594287178,0.004721948891458596,-0.002250000000000002,0.00775,0.0022499999999999742
V1_workforce,logreg,2,0.0012499999999999734,-0.0003254091240563195,1.0401624213854377e-05,-0.0026168224299065734,-0.0012330456226881115,-0.007991102947148804,-0.0010964912280702066,-0.0029981487665337037,0.0006879365292672412,0.0008064254224369877,-0.0017500000000000016,0.00375,0.0012499999999999734
V1_workforce,logreg,3,0.000500000000000056,6.400941575157582e-05,0.00069182446823602,0.0026520895785575593,0.009816678134218049,0.0066118723172949034,0.020029239766081952,-0.004370177325585756,-0.0023245617658442796,-0.004724202770531311,-0.0020000000000000018,0.007,0.000500000000000056
V1_workforce,logreg,4,-0.0024999999999999467,-0.00019571465339740524,-0.0028613786359473915,0.0015094339622641617,0.012875448767294961,-0.006247930373063926,-0.006578947368421018,-0.003036852961753933,-0.005954746419210788,-0.005392882568787963,-0.0005000000000000004,0.0065,0.0024999999999999467
V1_workforce,rf,0,0.00275000000000003,0.00045879000085780053,-0.002096460922846752,0.0018550520190442898,4.7686847286287914e-05,-0.002180527700199303,-0.011257309941520521,0.0010849912415339391,0.0024825739500106137,0.0033946069001014947,0.0027500000000000024,0.01225,0.00275000000000003
V1_workforce,rf,1,0.0025000000000000577,7.43983785176372e-05,0.003948629837367983,0.004119202962440477,0.004339503103051312,-0.006321343554947442,-0.037865497076023436,-0.005418122933573133,0.001305973844095587,0.0005903814019241546,0.0020000000000000018,0.012,0.0025000000000000577
V1_workforce,rf,2,0.0012499999999999734,-0.00032306322923802977,0.0010050961298900991,-0.0015164873919943644,-0.027624309392265234,-0.0015260569936208501,-0.018932748538011746,-0.005837526741155674,0.001159794396371483,0.0030758031015445733,0.0012500000000000011,0.01125,0.0012499999999999734
V1_workforce,rf,3,-0.0012499999999999734,0.0010626903526079756,0.0019071384446742862,-0.0007688238405924863,0.0012330456226880004,0.0020337013364323253,-0.021125730994152048,-0.0032321253789829862,-0.0019550170779808473,0.0028435808878530394,0.0017500000000000016,0.00875,0.0012499999999999734
V1_workforce,rf,4,0.0010000000000000009,-0.000515259040408389,0.0036724832011032597,-0.003343325692117788,-0.0018734118576752001,-0.004938988959907034,-0.007675438596491224,-0.003229232847423824,-0.004441312967009559,-0.0015560702633809625,-0.004500000000000004,0.0085,0.0010000000000000009
V1_workforce,hgb,0,-0.00275000000000003,-0.0002515134372855776,0.0011894099360381782,-0.002645036148827412,-0.0036991368680641123,-0.009881101885000576,-0.04773391812865502,-0.0034354783086869567,0.0019037026318837746,0.008791388849106008,0.0012500000000000011,0.02325,0.00275000000000003
V1_workforce,hgb,1,0.000500000000000056,0.0014539520954872653,0.0001325453076503752,0.004528301886792457,0.011049723756906049,-0.004431344617095573,-0.025511695906432763,-0.005575261700797696,0.0021695921791627937,-0.005285064951622891,-0.0015000000000000013,0.022,0.000500000000000056
V1_workforce,hgb,2,-0.0012500000000000844,-0.0016528504632808971,-0.004875419186220243,0.005240698289543294,-0.009816678134218049,0.0020337013364323253,-0.0010964912280702066,-0.007206092223432936,0.0009773050144877837,0.0051544111248806555,0.0027500000000000024,0.01775,0.0012500000000000844
V1_workforce,hgb,3,0.00275000000000003,0.001560690309711732,-0.004196029313297236,-0.005692117792276463,-0.027576622544978946,-0.009954515066884079,-0.07792397660818717,-0.0019311628705307449,-0.0023955077095799693,-0.005913469684003749,0.005250000000000005,0.02275,0.00275000000000003
V1_workforce,hgb,4,0.0024999999999999467,0.001046101524965648,0.003204527822048768,0.0015094339622641617,0.004932182490752224,-0.0018165857559683252,-0.06118421052631584,0.0004131278102088576,-0.0047941830063028545,-0.0028445443822645647,-0.0005000000000000004,0.023,0.0024999999999999467
V3_drop,logreg,0,0.0012499999999999734,-0.0001615316146190704,-0.0013380135129245855,0.0011214953271028172,-0.0018257250103889122,-0.008064516129032279,-0.018932748538011634,-0.003754675240456695,-0.0024092915940043813,0.003325404873171409,0.0007500000000000007,0.00775,0.0012499999999999734
V3_drop,logreg,1,0.00024999999999997247,0.0001685692990734955,0.002996309132410802,-0.006369247046376314,-0.01292313561458125,-0.006174517191180423,-0.028801169590643272,-0.004053798674918396,0.002128568173081935,0.003158772439900698,-0.0027500000000000024,0.00675,0.00024999999999997247
V3_drop,logreg,2,0.0020000000000000018,-0.00032607937971862455,-0.00033982085918399935,-0.0007617704108622836,-0.006117541266153936,-0.014312446502096204,-0.06337719298245614,0.0014584160616302189,0.000625095619687599,-0.0015378433007135865,0.0010000000000000009,0.0075,0.0020000000000000018
V3_drop,logreg,3,0.0002500000000000835,0.0003304360415237184,0.0024076795825749217,-0.001897372597425534,-0.008583632511529937,-0.0012355282312734028,-0.018932748538011634,-0.011344526707145253,-0.008418617023299935,-0.0032352221074395757,0.0017500000000000016,0.00775,0.0002500000000000835
V3_drop,logreg,4,-0.0007499999999999174,-0.00022453564687718863,-0.001609287335239358,-0.0030118144947980374,-0.007990953123829247,-0.008645573653727201,-0.024415204678362556,0.0078022399233638184,0.005863371976878362,0.0009303293670776657,0.0002500000000000002,0.00625,0.0007499999999999174
V3_drop,rf,0,0.0010000000000000009,-0.0006570181129890162,-0.0022563244640125234,0.0018903191676953313,0.013515815002282272,-0.0038502870924006505,-0.02331871345029246,-0.0048396738283424945,-0.002126697061486049,-0.001198090493288638,-0.0010000000000000009,0.012,0.0010000000000000009
V3_drop,rf,1,-0.0024999999999999467,-0.0010799494359129413,0.003432546724400569,0.005219538000352658,-0.007350586888841937,-0.0034160559314727057,-0.01893274853801169,-0.004649273378196872,-8.837674619732727e-05,0.004429890316517915,0.0050000000000000044,0.0085,0.0024999999999999467
V3_drop,rf,2,0.0010000000000000009,-0.00015566687757384567,0.004004156452093694,-0.0003808852054311418,-0.009816678134218049,-0.0029787008053582253,0.0010964912280702066,-0.001523609283942129,0.00033480438491650943,0.004615270295342942,0.0005000000000000004,0.0105,0.0010000000000000009
V3_drop,rf,3,-0.0007500000000000284,0.000286031603895065,0.000404484358230664,-0.004493034738141416,-0.007398273736128225,0.003052113987241728,0.016739766081871443,-0.012509458324918232,-0.008387119866023585,-0.006798892919238051,-0.002250000000000002,0.01275,0.0007500000000000284
V3_drop,rf,4,-0.0010000000000000009,0.0008904346473919134,0.005195000132208066,-0.007095750308587556,-0.01602959309494445,-0.006391632771644409,-0.014254385964912242,0.0031260156859951316,0.004661908099986678,0.001693184597236868,-0.005500000000000005,0.009,0.0010000000000000009
V3_drop,hgb,0,-0.0020000000000000018,0.0007108061298902735,-0.0010102663700894098,-0.004133309821900938,-0.019681043115722274,-0.009807688703117073,-0.0754385964912282,-0.006021995714502348,-0.0017321510591066236,-0.00048813537450654535,-0.0005000000000000004,0.0175,0.0020000000000000018
V3_drop,hgb,1,0.0007500000000000284,0.0015122643381092482,0.0020914295865614267,7.0534297302027316e-06,-0.006757907501141136,-0.0005810575246949223,-0.02331871345029246,-0.005344843545394329,9.344407872691196e-05,-0.007784168469517068,-0.0007500000000000007,0.02225,0.0007500000000000284
V3_drop,hgb,2,-0.0020000000000000018,-0.0008103390957447942,-0.00016975301371109815,-0.011624052195380041,-0.04182817747682088,-0.015618263950066547,-0.06308479532163758,-0.0040324732835916866,-0.0023142400852054212,-0.003187833187601098,-0.0040000000000000036,0.024,0.0020000000000000018
V3_drop,hgb,3,0.004750000000000032,0.000774312853894954,0.000835585418280823,-0.0041826838300123015,-0.03063539317805586,-0.002180527700199275,-0.05460526315789471,-0.013408437836653242,-0.006752593967812914,0.0006797267704111605,0.004750000000000004,0.02475,0.004750000000000032
V3_drop,hgb,4,0.0007500000000000284,0.0005653606511666354,-0.0017674836107199523,0.0014882736730735535,-0.0005926793877008008,-0.003052113987241728,-0.06228070175438605,0.0048110055787466965,0.001654023459397358,-0.001484928843929755,0.0017500000000000016,0.02325,0.0007500000000000284
V3_impute,logreg,0,-0.00024999999999997247,-0.00047688690374059206,0.0019922580007742108,-0.0018268383001234512,0.012235082532307762,-0.00341293196628617,-0.013157894736842035,-0.0022299029992195463,-0.0014057416575800064,0.0016063813083132435,-0.005749999999999977,0.01225,0.00024999999999997247
V3_impute,logreg,1,-0.0012499999999999734,-0.00035423011753588085,0.005341896372906727,-0.005579262916593192,0.007302900041555649,-0.004865575778023545,-0.01754385964912275,0.00011149514996089405,-0.0006118675890883774,-0.0015367512333818835,-0.006749999999999978,0.01375,0.0012499999999999734
V3_impute,logreg,2,0.0007500000000000284,-0.0004329851578586119,0.0055859470512070585,-0.004083935813789491,0.007943266276542738,-0.003703460728633645,-0.010964912280701733,-0.0025643884491024505,-0.0020720263775918513,-0.0007476202071206185,-0.005749999999999977,0.01025,0.0007500000000000284
V3_impute,logreg,3,-0.0017499999999999183,-0.0003532247340425343,0.002460973950066246,-0.0029412801974960656,0.011594716297320673,0.0037799978757036834,0.004678362573099504,-0.0028988738989853546,-0.001650926768231753,0.00040525620967154716,-0.007249999999999979,0.01325,0.0017499999999999183
V3_impute,logreg,4,-0.002749999999999919,-0.000409526209677491,7.772249960900923e-05,-0.004436607300299766,0.013420441307709474,-0.006318219589760865,-0.02412280701754388,0.0008919611996878185,-0.001327572646869779,-0.004265820924306253,-0.00824999999999998,0.01425,0.002749999999999919
V3_impute,rf,0,-0.0020000000000000018,8.043067947827165e-05,-0.0013154125962011876,-0.002214776935284768,0.011002036909619872,-0.005229517722254495,-0.014254385964912242,0.0006689708997659194,-0.00041928570499627504,-0.00012365750951969304,-0.004500000000000004,0.0085,0.0020000000000000018
V3_impute,rf,1,0.0,-0.0004088559540150749,-0.0004675306657950448,-0.0018479985893140871,0.004884495643466047,-0.007046103478222862,-0.00877192982456143,-0.0005574757498049143,-0.0001591786641040871,7.443626546428661e-05,-0.003500000000000003,0.007,0.0
V3_impute,rf,2,-0.0002500000000000835,-0.000577760380919834,0.0012158888622026964,3.526714865101366e-05,-0.0031064574803632006,-0.006755574715875373,-0.030994152046783574,0.0003344854498829042,-0.0004716835838917133,0.0005832837609447312,-0.0037500000000000033,0.00725,0.0002500000000000835
V3_impute,rf,3,-0.0004999999999999449,0.0002687725205902103,0.0015359655980145479,-0.001100335037912209,-0.0018734118576752001,-0.006465045953527884,-0.006578947368421018,-0.0006689708997658084,-0.00021571772088735397,-0.0007023024082784511,-0.0030000000000000027,0.007,0.0004999999999999449
V3_impute,rf,4,0.0007500000000000284,-0.0002506756177076408,0.0005657729766512971,-0.003717157467818727,0.0036514500207778244,-0.004938988959907034,-0.007675438596491224,0.0010034563496488236,-0.00015401074789656022,-0.0017210527971638426,-0.004750000000000004,0.00625,0.0007500000000000284
V3_impute,hgb,0,-0.0012499999999999734,1.0053834933465566e-06,-0.0010212141715370913,0.000782930700052864,0.015934219400371985,-0.004067402672864595,-0.010964912280701733,-0.0012264466495707227,0.00013114870798669465,-0.0009996468990529197,-0.003250000000000003,0.01225,0.0012499999999999734
V3_impute,hgb,1,-0.0010000000000000009,0.0002464865198180677,0.0005934162726508596,-0.004119202962440477,-0.0006403662349871997,0.004504757798979103,0.018932748538011746,-0.0006689708997659194,-2.744813773625232e-05,-0.0016742049133394773,-0.0020000000000000018,0.013,0.0010000000000000009
V3_impute,hgb,2,-0.0030000000000000027,-0.00037618099047709297,0.0021126095444732665,-0.0010862281784517758,0.015293853165384785,-0.007046103478222848,-0.013157894736842146,-0.0012264466495707227,-0.001143204669332154,0.0010614575057999558,-0.004499999999999976,0.0125,0.0030000000000000027
V3_impute,hgb,3,0.0020000000000000018,0.0004209205559366769,-0.00031002942606747456,0.0007758772703227446,0.02579858438187621,-0.006174517191180395,-0.025511695906432652,-0.0012264466495707227,-0.0006188151850490264,0.00019657084481674268,-0.0025000000000000022,0.013,0.0020000000000000018
V3_impute,hgb,4,0.0017500000000000293,0.00026894008450584206,0.004851503601758742,0.00038793863516140004,0.007990953123829136,-0.0041408158547481255,-0.045540935672514715,0.0007804660497268134,-0.00029001935059480566,-0.00025546993582798057,-0.0012500000000000011,0.01075,0.0017500000000000293
V4_dedup,logreg,0,0.00024999999999997247,-0.00023961639927927436,-0.0015226657581969682,-0.004140363251631113,-0.01228276937959416,0.0005810575246948946,0.0010964912280702066,-0.003273390587420155,-0.001256718313668248,0.0009339139318061875,0.0002500000000000002,0.00575,0.00024999999999997247
V4_dedup,logreg,1,-0.0020000000000000018,-2.9826376973240976e-05,0.00010273516485173606,-0.001876212308234898,-0.006165228113440224,-0.0005810575246949501,-0.005482456140350811,0.002755522991892634,0.0018328212421885315,0.0016703794419487498,-0.0005000000000000004,0.0055,0.0020000000000000018
V4_dedup,logreg,2,0.0030000000000000027,0.00022386539121477256,-0.001987111302372009,0.002637982719097154,0.01292313561458125,0.0021071145183158,0.005482456140350922,0.0009648810187471435,0.0008958405178882689,0.0012354128448152264,-0.0005000000000000004,0.005,0.0030000000000000027
V4_dedup,logreg,3,-0.00024999999999997247,0.000259053813486676,-0.0005975491733615917,7.0534297302027316e-06,0.004291816255765024,-0.0038502870924006505,-0.025511695906432652,-0.0034932450862494857,-0.0026441376574304343,-0.003083375832580013,-0.0007500000000000007,0.00425,0.00024999999999997247
V4_dedup,logreg,4,-0.0010000000000000009,0.00014879675703494133,-0.0025222599264198026,0.0015094339622641617,0.009816678134217938,-0.0032692295677057004,-0.003289473684210509,0.0031946720250705107,0.0028325171556553563,-0.0014975374443498835,-0.0005000000000000004,0.005,0.0010000000000000009
V4_dedup,rf,0,-0.0017500000000000293,-0.000753702492278796,-0.000894794053744867,-0.0007547169811320531,-0.0036991368680641123,0.0035597583300531893,-0.002192982456140413,0.00030643745122094224,0.0006110905811769207,0.0022427839568884902,0.0002500000000000002,0.00725,0.0017500000000000293
V4_dedup,rf,1,-0.0010000000000000009,0.0002655888061943168,0.0036894667974759696,-0.0029906542056074847,-0.007398273736128225,-0.0020337013364323253,-0.005482456140350922,0.00031416496105629577,0.0004763115801462714,-0.0004364678966335897,-0.0020000000000000018,0.0085,0.0010000000000000009
V4_dedup,rf,2,-0.0007500000000000284,-0.0006700880984042978,-2.1671194812257488e-05,0.0003738317757009113,-0.014748860624970273,0.00029052876234747504,-0.0010964912280700956,-0.00013674332621882446,-0.0006333011392173349,-0.0009264972879850161,0.0002500000000000002,0.00775,0.0007500000000000284
V4_dedup,rf,3,-0.0010000000000000009,-0.0004951513705387933,0.0028189295373791737,0.0033856462704990598,0.004291816255764913,0.0029787008053582253,-0.0010964912280700956,-0.001807490682190993,-0.0023042892869158393,0.00016660895677192075,0.0,0.006,0.0010000000000000009
V4_dedup,rf,4,-0.00024999999999997247,5.8982498284065876e-05,0.0037671499268339785,-0.0063833539058367195,-0.0239728593714873,-0.0020337013364323253,-0.005482456140350811,0.00019438233677915306,0.0023443511828054042,0.0003568509857963392,-0.0012500000000000011,0.00775,0.00024999999999997247
V4_dedup,hgb,0,-0.005750000000000033,-0.0004979999571036453,-0.001256503099136417,-0.006397460765297153,-0.013563501849568338,-0.006247930373063926,-0.03538011695906429,-0.0020230894509660757,0.0011824911985637288,-0.0006769191129563212,0.0002500000000000002,0.02025,0.005750000000000033
V4_dedup,hgb,1,-0.0012499999999999734,0.002249042874914231,0.00032202861177085297,-0.010121671662846082,-0.02584627122916261,-0.005883988428832948,-0.00877192982456143,0.0008822800359969962,0.0009618525858460236,-0.005582642096485962,-0.0037500000000000033,0.02025,0.0012499999999999734
V4_dedup,hgb,2,-0.000500000000000056,-0.0005978680507894296,-0.0030404480797763603,0.005290072297654713,0.019633356268435986,-0.005302930904137998,-0.028801169590643383,-0.0017993152007709234,-0.0007769291828952918,0.0006977697313792185,-0.0025000000000000022,0.018,0.000500000000000056
V4_dedup,hgb,3,0.0007500000000000284,0.00012081358313309476,-0.0006032364741429038,-0.004521248457062255,-0.00981667813421816,-0.008936102416074676,-0.045540935672514604,-0.0021317847785228272,-0.002655459628505219,-0.0030652735059105846,0.0007500000000000007,0.02075,0.0007500000000000284
V4_dedup,hgb,4,0.0030000000000000027,-5.4625836479083034e-05,0.0017159152437006883,-0.0003667783459706808,-0.015341540012671073,-0.0005810575246949501,-0.042251461988304206,0.004555236389627737,0.0019230139817553171,-0.0010719145149954718,-0.0010000000000000009,0.02,0.0030000000000000027
V5_uniform,logreg,0,0.0,0.00029256659660259476,-0.002698072554036788,-0.0007335566919414727,0.0018257250103888012,0.000654470706578425,-0.004385964912280604,-0.0030103690489464707,0.0012370351371411292,0.003992115387697554,-0.0020000000000000018,0.0055,0.0
V5_uniform,logreg,1,-0.0012499999999999734,0.0004088559540150749,0.00013713484802384095,0.002630929289366979,0.004291816255765024,-0.0026881720430107503,-0.025511695906432763,-0.003902330248634178,-0.0018006800833597625,0.0035597629002453845,0.0002500000000000002,0.00725,0.0012499999999999734
V5_uniform,logreg,2,0.003750000000000031,0.00017661236702115612,0.002990884619015836,0.001502380532533959,0.0031064574803632006,0.0026881720430107503,0.007675438596491224,-0.0011149514996097176,-0.0019879843466320546,0.0012314728383283902,0.0002500000000000002,0.00675,0.003750000000000031
V5_uniform,logreg,3,-0.0010000000000000009,0.0002613997083048547,0.0026902731043558035,-0.004880973373302788,-0.018447997493034274,0.008355044891379754,0.021125730994152048,-0.0008919611996878185,-0.0003661851970655494,-0.0026281423224225227,-0.0010000000000000009,0.0065,0.0010000000000000009
V5_uniform,logreg,4,-0.0024999999999999467,-0.00011327320693199638,-0.00031203033377770126,0.0018903191676953035,0.01164240314460685,-0.009807688703117073,-0.030994152046783685,0.003567844798751274,0.004725326171635569,-0.001046698989021629,-0.0010000000000000009,0.006,0.0024999999999999467
V5_uniform,rf,0,0.0017500000000000293,0.0004894541974089783,-0.0005710502819295735,-0.0022500440839358093,-0.004291816255764913,-0.0035597583300531754,-0.021125730994152048,0.0006689708997659194,0.0021646316912290464,0.004065676673057891,-0.0007500000000000007,0.00975,0.0017500000000000293
V5_uniform,rf,1,-0.0004999999999999449,0.0006481372254631967,0.0033155407432085005,0.0026238758596367484,-0.0055248618784530246,-0.004795286561326564,-0.023318713450292405,-0.005463262348087916,-0.0026033869140222876,-0.004594781617292092,0.0010000000000000009,0.012,0.0004999999999999449
V5_uniform,rf,2,0.0012499999999999734,-1.3740241077697668e-05,0.0015532769263008374,0.0029977076353376875,-0.0005926793877009118,0.0,0.0010964912280702066,-0.001783922399375637,-0.0019854087223296624,-0.00048248353706607794,0.0012500000000000011,0.00825,0.0012499999999999734
V5_uniform,rf,3,-0.0020000000000000018,-4.0047775823670584e-05,0.0035355032837946707,-0.005967201551754536,-0.004979869338038401,0.0028349984067777556,0.032383040935672625,-0.0013379417995317278,-0.0010240476067414628,0.005189069702002776,-0.005500000000000005,0.01,0.0020000000000000018
V5_uniform,rf,4,0.000500000000000056,-0.0009080288585276985,0.0022692397209217244,-0.0007335566919414449,0.009816678134218049,-0.0023242300987798004,-0.003289473684210509,0.00345634964879038,0.004474819841849387,-0.0002643696692036096,-0.0020000000000000018,0.01,0.000500000000000056
V5_uniform,hgb,0,-0.0025000000000000577,0.0005975329229581661,0.0031951818510754775,-0.009000176335743265,-0.0270793168518505,-0.006174517191180395,-0.03538011695906429,-0.003344854498829264,0.0018994579560788205,0.0015348629906624571,-0.0030000000000000027,0.0205,0.0025000000000000577
V5_uniform,hgb,1,-0.0010000000000000009,0.0020364042660431236,0.0005527592125552979,0.003047081643449079,0.0214590812788249,-0.005883988428832948,-0.005482456140350922,-0.009365592596722094,-0.0018278506238943448,-0.0030830901816267797,-0.0040000000000000036,0.024,0.0010000000000000009
V5_uniform,hgb,2,-0.005750000000000033,-0.001626710492450334,-0.002007334768891476,0.00825956621407159,0.0036514500207778244,-0.0050858153236740256,-0.0331871345029241,-0.003456349648790269,-0.003371601644083788,-0.00022341052872373347,0.0017500000000000016,0.01725,0.005750000000000033
V5_uniform,hgb,3,0.0012499999999999734,0.0006441156914892554,0.003062413378481005,-0.007921001587021692,-0.04543194065031231,-0.007192929841989826,-0.04115497076023389,-0.0023413981491804403,-0.001658867082626747,-0.005030355679400996,0.002250000000000002,0.02025,0.0012499999999999734
V5_uniform,hgb,4,0.0024999999999999467,-0.00035138153097136193,-0.0011773745973931576,0.010537824016928266,0.031963812495316435,-0.012205331983780376,-0.08998538011695911,0.004794291448321997,0.003044090009046485,-0.0012226678787125664,-0.0005000000000000004,0.02,0.0024999999999999467
V5_hist,logreg,0,0.0010000000000000009,-0.0005583229667123213,-0.0017917983361132699,-0.0011426556162933976,-0.007350586888841937,-0.009881101885000632,-0.04115497076023378,0.00033029860808964084,-3.801860033758597e-05,-0.0009363709284582059,0.0015000000000000013,0.009,0.0010000000000000009
V5_hist,logreg,1,0.0007500000000000284,-0.000567036290322398,0.0019781379619654895,-0.0048880268030329355,-0.01228276937959405,-0.009226631178422151,-0.04554093567251449,-0.0017881092411689004,3.378463279302135e-05,0.0013765414471865372,-0.0002500000000000002,0.00925,0.0007500000000000284
V5_hist,logreg,2,0.0020000000000000018,-0.0005677065459848141,0.0002778064268796846,-0.0022712043731264175,-0.004884495643465825,-0.010171630647348107,-0.038961988304093476,0.0031176773571141014,-0.001124718437496841,-0.003384445160593631,0.0015000000000000013,0.0085,0.0020000000000000018
V5_hist,logreg,3,0.000500000000000056,-0.00028418840082344854,0.0024666435707635694,-0.0030188679245282957,-0.009816678134217938,-0.001816585755968353,-0.02002923976608173,-0.003014555890739623,-0.0041695451480256995,-0.007754147605711018,0.0010000000000000009,0.007,0.000500000000000056
V5_hist,logreg,4,-0.0014999999999999458,-0.0005455881091283032,-0.0020523313819439115,-0.0033856462704989765,-0.0036991368680641123,-0.011624274459085426,-0.04992690058479521,0.005459075506294653,0.0012245272863091738,-0.005691496695992149,0.0,0.01,0.0014999999999999458
V5_hist,rf,0,0.0017500000000000293,0.00011645692132811192,0.00040351273405648397,0.005988361840945172,0.019088363728021474,0.0010887018675063975,-0.012353801169590728,0.005465422818052401,-0.00012156618514380657,0.004929512592944114,0.003250000000000003,0.01375,0.0017500000000000293
V5_hist,rf,1,0.00024999999999997247,-0.0004299690073782392,0.0030956809637402403,0.006369247046376286,0.014156181237269472,-0.005449757267905017,-0.04005847953216374,-0.0017600156817340062,-0.0020418427669969264,0.0005752278881038832,0.0027500000000000024,0.01225,0.00024999999999997247
V5_hist,rf,2,0.0017499999999999183,-0.0004363364361702482,0.0027268681935639257,0.006341033327455475,-0.0017780381631026243,0.003412931966286184,-0.007967836257309902,0.0027666084377795386,-0.0021944216865228405,0.0026739498512151835,0.005750000000000005,0.01375,0.0017499999999999183
V5_hist,rf,3,0.000500000000000056,-0.00019789298429995217,0.0009441867560461559,0.00036677834597073633,-0.0030587706330770237,0.004431344617095601,0.004385964912280715,-0.0002441554556775749,-0.005060774518005129,0.0028770562413711273,0.0010000000000000009,0.01,0.000500000000000056
V5_hist,rf,4,0.0015000000000000568,-0.00016370994552172835,0.0021502810176721246,0.0033715394110386265,0.020914088738410386,-0.0009449994689259,-0.016739766081871332,0.005644130933598612,0.00023836487065731493,0.0005468662646774848,0.0015000000000000013,0.0105,0.0015000000000000568
V5_hist,hgb,0,-0.007000000000000006,-0.001844543582704139,-0.00046082445737595165,0.00033856462704989765,-0.007398273736128225,-0.004578170980862578,-0.05211988304093573,-0.003282193419962387,-0.0020722865499267495,5.75425381733009e-05,0.0040000000000000036,0.026,0.007000000000000006
V5_hist,hgb,1,-0.0004999999999999449,0.0007448216047530876,0.00027186588970587455,-0.0037947451948510402,-0.012875448767295072,0.0034863451481696728,0.003289473684210509,-0.0057809482815227575,-0.0008053850179877697,-0.0072121714739688736,0.003500000000000003,0.026,0.0004999999999999449
V5_hist,hgb,2,-0.0040000000000000036,-0.0005397233720831895,-0.00010314559628162891,0.00036677834597073633,-0.02767199623955141,0.00029052876234747504,0.015643274853801126,-0.001634671174310931,-0.004331064170618459,-0.0009062720669833621,0.0010000000000000009,0.0225,0.0040000000000000036
V5_hist,hgb,3,0.0007500000000000284,0.0003453492300102834,0.0022690284581886877,-0.0041967906894727625,-0.023284806289213922,-0.008501871255146731,-0.08121345029239768,-0.005512886108203441,-0.0055884207699873345,-0.005646361807056714,0.0062500000000000056,0.02325,0.0007500000000000284
V5_hist,hgb,4,-0.0010000000000000009,0.00029876646147908303,0.0012132745533827982,0.0037383177570093906,0.0036991368680641123,0.003776873910517148,-0.041154970760234,0.004587705820337407,-0.0010949177904835405,-0.004247774093876623,0.0025000000000000022,0.019,0.0010000000000000009
