case,variant,model,seed,n_train,pos_rate_train,common_acc,common_auc,common_ece,common_posrate_pred,sex_dp_diff,sex_tpr_gap,race_dp_diff,race_tpr_gap
compas,C0_propublica,logreg,0,3737,0.45517795022745516,0.6886666666666666,0.7306612235242675,0.035570486265304936,0.37466666666666665,0.3254349655733043,0.4025413349663197,0.23775273715336048,0.21377537145541303
compas,C0_propublica,logreg,1,3737,0.45517795022745516,0.688,0.7306182136194448,0.03490438258420766,0.37133333333333335,0.3256216768974897,0.40771586037966934,0.2345360824742268,0.2141338475611264
compas,C0_propublica,logreg,2,3737,0.45517795022745516,0.6866666666666666,0.731985570176932,0.034928571814296754,0.362,0.30546259884928373,0.37271892222902625,0.2281027731159594,0.204899997527751
compas,C0_propublica,logreg,3,3737,0.45517795022745516,0.6853333333333333,0.7306737680798407,0.03452693481146557,0.36466666666666664,0.3303038224116783,0.41630434782608694,0.2306800927035883,0.20729807906252318
compas,C0_propublica,logreg,4,3737,0.45517795022745516,0.6846666666666666,0.7318242830338471,0.028955324446971454,0.3546666666666667,0.29208545059187485,0.34993876301285975,0.22230879884919685,0.20046231056392
compas,C0_propublica,rf,0,3737,0.45517795022745516,0.6693333333333333,0.7176121976090077,0.04084128165330671,0.402,0.22135632850852122,0.22489283527250453,0.26028929912890597,0.20106801157012538
compas,C0_propublica,rf,1,3737,0.45517795022745516,0.6733333333333333,0.7163030836309678,0.029016060142705254,0.3993333333333333,0.20082382781194436,0.21619718309859148,0.22414688723727322,0.1907587332196099
compas,C0_propublica,rf,2,3737,0.45517795022745516,0.674,0.7154384053360956,0.04039287559107767,0.408,0.23308467214927717,0.23897734231475815,0.23897146967154165,0.1824890602981532
compas,C0_propublica,rf,3,3737,0.45517795022745516,0.6773333333333333,0.7224741089333364,0.04074266927241619,0.3953333333333333,0.22172975115689209,0.22665339865278628,0.2332074642371933,0.18116640708052112
compas,C0_propublica,rf,4,3737,0.45517795022745516,0.674,0.7197555245326704,0.028385339535969802,0.4093333333333333,0.19595497097357029,0.2302816901408451,0.23832214496923204,0.19759450171821302
compas,C0_propublica,hgb,0,3737,0.45517795022745516,0.664,0.7045031370349331,0.0637144126816614,0.422,0.21161861483177308,0.25471524800979795,0.2582913769679533,0.21713763010210385
compas,C0_propublica,hgb,1,3737,0.45517795022745516,0.656,0.702674320040286,0.05861758974873637,0.398,0.20779246892692693,0.2333741579914268,0.20996163989450972,0.14963287102276945
compas,C0_propublica,hgb,2,3737,0.45517795022745516,0.656,0.7005560822277697,0.05393506150156886,0.39666666666666667,0.18460004998118526,0.2107011635027557,0.20544633581075683,0.17984375386288903
compas,C0_propublica,hgb,3,3737,0.45517795022745516,0.674,0.7102700484399053,0.0538378781114074,0.39466666666666667,0.2209053488485656,0.20045927740355168,0.23642411891632703,0.19627184850058094
compas,C0_propublica,hgb,4,3737,0.45517795022745516,0.672,0.7094600285657452,0.060022813319591,0.39666666666666667,0.19321749571282074,0.22137170851194116,0.21060097498601454,0.1760117679052634
compas,C1_nowindow,logreg,0,4571,0.4493546269962809,0.684,0.7337292634016175,0.04093221986754029,0.33266666666666667,0.28642378874619034,0.36183404776484995,0.22365739630783982,0.20225469109248684
compas,C1_nowindow,logreg,1,4571,0.4493546269962809,0.6866666666666666,0.7341808674022555,0.04413034220277494,0.326,0.27817976566292574,0.35655235762400495,0.22367737552944938,0.20261316719820027
compas,C1_nowindow,logreg,2,4571,0.4493546269962809,0.6913333333333334,0.7326844811303003,0.047737670787623566,0.3426666666666667,0.303098546236905,0.3951775872627067,0.24299728282586108,0.22623550644020862
compas,C1_nowindow,logreg,3,4571,0.4493546269962809,0.6833333333333333,0.7344586397042352,0.03713770769644734,0.3253333333333333,0.27304664048878147,0.3512706674831598,0.224326700231759,0.20812628247917125
compas,C1_nowindow,logreg,4,4571,0.4493546269962809,0.6833333333333333,0.7355141744517582,0.04023984862826411,0.32,0.26645142202216976,0.33377219840783834,0.22433668984256375,0.2084847585848847
compas,C1_nowindow,rf,0,4571,0.4493546269962809,0.674,0.7125415090383522,0.03269782879350624,0.37333333333333335,0.21175936644538979,0.22457134109001842,0.2539159274354671,0.21077158891443543
compas,C1_nowindow,rf,1,4571,0.4493546269962809,0.6726666666666666,0.7186274105707594,0.03289823181147674,0.38133333333333336,0.20010857981621863,0.22291794243723212,0.2242068249021018,0.21005463670300878
compas,C1_nowindow,rf,2,4571,0.4493546269962809,0.6726666666666666,0.7154841033599696,0.029983857847634177,0.36933333333333335,0.20250422972961327,0.20707287201469687,0.22811276272676417,0.2059754258448911
compas,C1_nowindow,rf,3,4571,0.4493546269962809,0.6793333333333333,0.7149195983591722,0.031198200540441427,0.38266666666666665,0.17159632437214728,0.18120024494794856,0.23065012387117395,0.20658112685109642
compas,C1_nowindow,rf,4,4571,0.4493546269962809,0.6713333333333333,0.7177914055457688,0.03815394530387155,0.38266666666666665,0.13712654144560527,0.1288120024494795,0.2183928714137297,0.204899997527751
compas,C1_nowindow,hgb,0,4571,0.4493546269962809,0.6726666666666666,0.7095523206531771,0.047051403360030504,0.3586666666666667,0.22378357572293187,0.245269442743417,0.22491608726923998,0.20705085416203117
compas,C1_nowindow,hgb,1,4571,0.4493546269962809,0.6706666666666666,0.7135038556587594,0.04755238655236613,0.36733333333333335,0.18279613134136288,0.20179118187385175,0.22811276272676417,0.1912284605305446
compas,C1_nowindow,hgb,2,4571,0.4493546269962809,0.6766666666666666,0.7118327416484621,0.045572882253274716,0.36666666666666664,0.1992066204963074,0.2088334353949785,0.2365040358027651,0.20837350737966326
compas,C1_nowindow,hgb,3,4571,0.4493546269962809,0.676,0.7146131527873106,0.04521262268340603,0.36733333333333335,0.2172659142679049,0.2088334353949785,0.22102013905538243,0.18847190289005916
compas,C1_nowindow,hgb,4,4571,0.4493546269962809,0.6673333333333333,0.716947336163624,0.05351700342103134,0.3506666666666667,0.14925990503574804,0.15447030006123702,0.19976224726284664,0.16245148211327848
compas,C2_isrecid,logreg,0,3737,0.48300776023548303,0.6746666666666666,0.7394065573245631,0.028755884527799508,0.45266666666666666,0.39603769845259396,0.44805001890563395,0.2685407176536402,0.24042813781351507
compas,C2_isrecid,logreg,1,3737,0.48300776023548303,0.68,0.7393105079765427,0.026026046861029807,0.43666666666666665,0.37625204305275883,0.42507967374277533,0.2608387277231679,0.23867085574311725
compas,C2_isrecid,logreg,2,3737,0.48300776023548303,0.6786666666666666,0.7389369827342402,0.029959421176705008,0.43933333333333335,0.37954965228606474,0.4267136606708799,0.26276672260848716,0.2409180467543533
compas,C2_isrecid,logreg,3,3737,0.48300776023548303,0.682,0.7399401648135664,0.03332786499218883,0.43733333333333335,0.3727677224952676,0.4184491978609626,0.2589007432270439,0.23393151925022626
compas,C2_isrecid,logreg,4,3737,0.48300776023548303,0.6766666666666666,0.7386577281483286,0.0264405687152263,0.43466666666666665,0.3780875589935972,0.428442175768379,0.2601993926316631,0.23666861920230042
compas,C2_isrecid,rf,0,3737,0.48300776023548303,0.6846666666666666,0.7307434397405956,0.03331393666644828,0.43333333333333335,0.24717706840241174,0.268338464862529,0.26472468632622076,0.2246978007348634
compas,C2_isrecid,rf,1,3737,0.48300776023548303,0.6806666666666666,0.7319067040666227,0.017588155390139387,0.43733333333333335,0.20903625359419298,0.23864311564846324,0.24405618157116604,0.18053144469886573
compas,C2_isrecid,rf,2,3737,0.48300776023548303,0.6793333333333333,0.7225792451588461,0.04079189178818855,0.43333333333333335,0.1954723940125987,0.20241181872197916,0.24665348038040436,0.18302359018052083
compas,C2_isrecid,rf,3,3737,0.48300776023548303,0.6806666666666666,0.7314086704102196,0.025030639767190752,0.45466666666666666,0.247705605073952,0.2499864959758008,0.2311096459681931,0.17730443580595345
compas,C2_isrecid,rf,4,3737,0.48300776023548303,0.6853333333333333,0.7275818153682514,0.048709843359292175,0.43666666666666665,0.2254467427491375,0.2237481769567331,0.2601993926316631,0.2082326002449545
compas,C2_isrecid,hgb,0,3737,0.48300776023548303,0.6686666666666666,0.7121267637950877,0.06422839996390522,0.43733333333333335,0.25643220511818826,0.28332793172365367,0.252447454647167,0.18800788114383093
compas,C2_isrecid,hgb,1,3737,0.48300776023548303,0.6693333333333333,0.7108523312421848,0.05609910189164767,0.45,0.2333173431840313,0.29966780100469936,0.22982098617437868,0.16157409872730177
compas,C2_isrecid,hgb,2,3737,0.48300776023548303,0.668,0.7088521925042377,0.06207851877936459,0.454,0.1994852512416303,0.2237481769567331,0.23950091904419402,0.1987539272591725
compas,C2_isrecid,hgb,3,3737,0.48300776023548303,0.6693333333333333,0.7158486760308852,0.06105658165285849,0.44866666666666666,0.2618295986281026,0.27823691460055094,0.23176896028130745,0.16181905319772083
compas,C2_isrecid,hgb,4,3737,0.48300776023548303,0.6726666666666666,0.7138263036475629,0.055367453497975255,0.44533333333333336,0.24478141848901705,0.28813536433857284,0.2543554703108767,0.20124607274082756
compas,C3_uniform,logreg,0,3737,0.455980733208456,0.686,0.7325930850825522,0.03676229649434285,0.36133333333333334,0.3132556422725928,0.3918707899571341,0.23972069048189884,0.22516007812306854
compas,C3_uniform,logreg,1,3737,0.4546427615734546,0.69,0.7312615701124172,0.04242080508883601,0.36533333333333334,0.32251077898836933,0.4024341702388242,0.22680412371134023,0.20178496378155208
compas,C3_uniform,logreg,2,3737,0.45143162964945144,0.686,0.7321199761295029,0.03130312311144052,0.3506666666666667,0.2914477596077339,0.3568738518064911,0.21006153600255734,0.18056070607431585
compas,C3_uniform,logreg,3,3737,0.4557131388814557,0.6873333333333334,0.7313171245728131,0.03558511273720666,0.368,0.32149966535585744,0.4024341702388242,0.23067010309278352,0.20933768449158197
compas,C3_uniform,logreg,4,3737,0.4541075729194541,0.6826666666666666,0.7308852334452188,0.030534067612731624,0.35133333333333333,0.3095070533793313,0.38472137170851195,0.20683489171261887,0.1757645430047714
compas,C3_uniform,rf,0,3737,0.455980733208456,0.6706666666666666,0.7159715489479598,0.037761557090945856,0.39666666666666667,0.18460004998118526,0.21961114513165952,0.22738352113801646,0.17121560483571907
compas,C3_uniform,rf,1,3737,0.4546427615734546,0.6813333333333333,0.7208657177009055,0.033614466730295174,0.382,0.23971148791690483,0.25615431720759335,0.24227803084791816,0.20418304531632425
compas,C3_uniform,rf,2,3737,0.45143162964945144,0.6733333333333333,0.7169347916080507,0.037610969540670516,0.394,0.21577222367442142,0.21961114513165952,0.2261148405658116,0.18116640708052112
compas,C3_uniform,rf,3,3737,0.4557131388814557,0.6686666666666666,0.7153738904788616,0.038773092046077776,0.4053333333333333,0.20824344858688254,0.2284139620330679,0.24349676336609932,0.19315681475438207
compas,C3_uniform,rf,4,3737,0.4541075729194541,0.67,0.7152735340342754,0.03252477859751302,0.38666666666666666,0.21962996688028358,0.2264390691977955,0.2274234795812355,0.19494919528294885
compas,C3_uniform,hgb,0,3737,0.455980733208456,0.668,0.702600844786214,0.06572078501145591,0.39666666666666667,0.17167388138373202,0.18472137170851194,0.24480540238152315,0.2141338475611264
compas,C3_uniform,hgb,1,3737,0.4546427615734546,0.666,0.7075407115630337,0.05846747708559825,0.4266666666666667,0.29494644257477787,0.3053429271279853,0.2724866139215217,0.23224307152216367
compas,C3_uniform,hgb,2,3737,0.45143162964945144,0.666,0.7071581026180488,0.05501084769489051,0.38266666666666665,0.21899227589614254,0.2786129822412738,0.2274234795812355,0.17984375386288903
compas,C3_uniform,hgb,3,3737,0.4557131388814557,0.668,0.7090514344699298,0.06536685587231506,0.39266666666666666,0.19257980472867975,0.21080832823025103,0.1970650523455606,0.14376127963608493
compas,C3_uniform,hgb,4,3737,0.4541075729194541,0.6573333333333333,0.7061195926245183,0.0554648313853732,0.366,0.20699966391961647,0.23470606246172687,0.20102093822424677,0.17515884199856613
