case,variant,model,seed,n_train,n_owntest,pos_rate_train,fit_seconds,own_acc,own_auc,own_ece,common_acc,common_auc,common_ece,common_posrate_pred,sex_dp_diff,sex_tpr_gap,race_dp_diff,race_tpr_gap
acs,T25,hgb,0,15135,3784,0.6586719524281467,16.68,0.8250528541226215,0.8902382360395371,0.017629333404732366,0.8343333333333334,0.8967950841922889,0.010843926853835627,0.7143333333333334,0.10752432017294344,0.03956078526885154,0.050997075659532154,0.09285476902625456
acs,T25,hgb,1,15135,3784,0.6586719524281467,43.2,0.8340380549682875,0.8979691669689758,0.014497462151202362,0.8373333333333334,0.8960458267131873,0.021342169998492547,0.71,0.12821424507907608,0.058000091333932025,0.08800242658038826,0.15111332668660693
acs,T25,hgb,2,15135,3784,0.6586719524281467,19.46,0.8382663847780126,0.8969485635768203,0.023544677996267853,0.8336666666666667,0.8963215275171856,0.022986764785706312,0.713,0.12219820229832745,0.055066242471293325,0.06911865355898461,0.15054835493519447
acs,T25,hgb,3,15135,3784,0.6586719524281467,7.31,0.8324524312896406,0.8941142616123918,0.015339118529821895,0.8373333333333334,0.8975460881923207,0.017380597643360456,0.7133333333333334,0.12686312435999536,0.05038791550596455,0.0698808486809358,0.12452642073778664
acs,T25,hgb,4,15135,3784,0.6586719524281467,7.79,0.8350951374207188,0.8988259333893226,0.013447561842761606,0.8416666666666667,0.8975892522095985,0.016107249123039166,0.715,0.12752090681533734,0.04843438418096302,0.05252146590343454,0.13187105350614825
acs,T25,logreg,0,15135,3784,0.6586719524281467,0.31,0.8216173361522199,0.8819418734377251,0.014953230266054348,0.8316666666666667,0.8851083641386359,0.012969276270129488,0.7076666666666667,0.12756001820457397,0.05925441066780324,0.04756719761075168,0.0911598537720173
acs,T25,logreg,1,15135,3784,0.6586719524281467,0.3,0.8181818181818182,0.884019885304802,0.014444275377317024,0.8336666666666667,0.8860260361360173,0.014055875644098761,0.7063333333333334,0.12623378655137096,0.05611150858285252,0.1091727849676456,0.15167829843801928
acs,T25,logreg,2,15135,3784,0.6586719524281467,0.3,0.8258456659619451,0.8821445343365022,0.019082244113042234,0.8366666666666667,0.8851038730848151,0.018202230888461523,0.712,0.12287020707702812,0.053739870813227175,0.07254853160776509,0.12791625124626127
acs,T25,logreg,3,15135,3784,0.6586719524281467,0.67,0.8258456659619451,0.8838350834124307,0.017989676139501934,0.8346666666666667,0.8857815232057742,0.014018267766709136,0.712,0.12820357833655704,0.05911740976968627,0.0313511075161772,0.09680957128614165
acs,T25,logreg,4,15135,3784,0.6586719524281467,0.25,0.8210887949260042,0.878369761565182,0.0077689097443971395,0.8323333333333334,0.8856363124655686,0.011498149010179096,0.7083333333333334,0.12488977699396975,0.052968606497901805,0.09105120706819314,0.1528082419408442
acs,T25,rf,0,15135,3784,0.6586719524281467,3.4,0.8113107822410148,0.8808687800963081,0.08120255510917004,0.8286666666666667,0.8915123573840908,0.08752021123428164,0.7613333333333333,0.1026069518716578,0.03713130267557674,0.012047349427575904,0.032303090727816564
acs,T25,rf,1,15135,3784,0.6586719524281467,3.44,0.813953488372093,0.8862434092501577,0.08579563428910261,0.834,0.892354928981469,0.09058663948418061,0.7593333333333333,0.10795098987370577,0.035595877795198905,0.030550024888003957,0.0645397141907611
acs,T25,rf,2,15135,3784,0.6586719524281467,4.3,0.8160676532769556,0.887996387200652,0.08825177862953756,0.8296666666666667,0.8917965412897508,0.0893150874785373,0.763,0.10059804869723521,0.03671319623095304,-0.028006781981085083,-0.025955466932535698
acs,T25,rf,3,15135,3784,0.6586719524281467,5.49,0.818446088794926,0.8857051543266627,0.0877848158098196,0.832,0.8932326805004431,0.09022891596062718,0.766,0.10524874843554444,0.03587698334170564,-0.004549838227974057,0.037952808241940916
acs,T25,rf,4,15135,3784,0.6586719524281467,3.94,0.8147463002114165,0.8821841347420103,0.08531129980708937,0.829,0.891177025365472,0.08704126623893219,0.7636666666666667,0.09392777904198435,0.03063644528336351,-0.006836423593827745,0.004021269524759119
acs,T50,hgb,0,15135,3784,0.3645193260654113,14.99,0.8118393234672304,0.8850860622434226,0.014648808757349462,0.8163333333333334,0.8810744927317904,0.028009193135003867,0.35,0.20346811355102973,0.1466407726222969,0.10207192633150819,0.20478597910347152
acs,T50,hgb,1,15135,3784,0.3645193260654113,18.11,0.8073467230443975,0.8857483578295762,0.01229640103753614,0.806,0.8792907240671077,0.011009738269685702,0.35433333333333333,0.21077838775742408,0.16742599202183495,0.14669922847187658,0.32901921132457024
acs,T50,hgb,2,15135,3784,0.3645193260654113,43.31,0.7994186046511628,0.8815303505658836,0.016060017335815694,0.8143333333333334,0.8832022533632771,0.016751031528079885,0.3526666666666667,0.19545383433837749,0.13668206312548115,0.08471254355400698,0.2754971351533535
acs,T50,hgb,3,15135,3784,0.3645193260654113,30.97,0.7996828752642706,0.8782503818036812,0.012991370568926896,0.808,0.8805760162275931,0.01101407459793516,0.355,0.20810814654681986,0.1620127370704738,0.19246982329517173,0.337108190091001
acs,T50,hgb,4,15135,3784,0.3645193260654113,104.72,0.8123678646934461,0.8879173645671109,0.014455980444227466,0.8106666666666666,0.8802497755896199,0.013977892557791626,0.3576666666666667,0.20809392422346112,0.17030932885436345,0.13048313837730213,0.2744860128075497
acs,T50,logreg,0,15135,3784,0.3645193260654113,0.39,0.802061310782241,0.8749456881436577,0.016425388967350425,0.811,0.8763893413345449,0.015611074486164368,0.3506666666666667,0.18746444419160313,0.1360347120162363,0.18446677451468393,0.33003033367037404
acs,T50,logreg,1,15135,3784,0.3645193260654113,0.31,0.8121035940803383,0.883643424760176,0.020227496232121753,0.8073333333333333,0.8758894255334155,0.018024323653800946,0.347,0.18815067129366253,0.1384911470361817,0.16062873320059728,0.2512301988540613
acs,T50,logreg,2,15135,3784,0.3645193260654113,0.33,0.8089323467230444,0.8827183517538848,0.015814317031079304,0.8053333333333333,0.8768628700252501,0.015676781212935895,0.3476666666666667,0.19214714415746958,0.13546084400587866,0.16215312344449972,0.2522413211998652
acs,T50,logreg,3,15135,3784,0.3645193260654113,0.45,0.8062896405919662,0.8817845345764128,0.015998006045593084,0.8096666666666666,0.8755257631752041,0.019132293808736035,0.348,0.18214529525543288,0.1307684232626496,0.20335054753608764,0.3259858442871587
acs,T50,logreg,4,15135,3784,0.3645193260654113,0.4,0.8163319238900634,0.8860013357475286,0.012772084124861766,0.81,0.8749164608072248,0.020183554165319556,0.3436666666666667,0.18150173512344975,0.1255021345090629,0.17722592085614733,0.31890798786653185
acs,T50,rf,0,15135,3784,0.3645193260654113,3.46,0.7851479915433404,0.8687401910752164,0.09241086706835017,0.7966666666666666,0.8702730490210142,0.08868491898376102,0.29033333333333333,0.21911978040732732,0.19963958289593392,0.10117751368840217,0.1632625547691271
acs,T50,rf,1,15135,3784,0.3645193260654113,3.46,0.8031183932346723,0.8722455483876803,0.09662396342828491,0.7963333333333333,0.8700825820603153,0.0891701766805419,0.2886666666666667,0.23579545454545456,0.2295157113863811,0.1204423842707815,0.22992922143579375
acs,T50,rf,2,15135,3784,0.3645193260654113,4.3,0.7906976744186046,0.8735276247966604,0.0921635026363839,0.7936666666666666,0.8692638619886959,0.08608154270092594,0.28933333333333333,0.20779169985208787,0.1790748127930576,0.09965312344449972,0.15719582069430404
acs,T50,rf,3,15135,3784,0.3645193260654113,5.24,0.7806553911205074,0.866128548362051,0.09489149657893542,0.7936666666666666,0.8693586157034012,0.08832081181664186,0.288,0.20779881101376718,0.18751837077472183,0.11929909158785465,0.2248736097067745
acs,T50,rf,4,15135,3784,0.3645193260654113,3.28,0.7909619450317125,0.8716693376591854,0.08969718974887142,0.794,0.8693610145316216,0.08680386519023844,0.28833333333333333,0.2164637615200819,0.20433200363916304,0.11891799402687905,0.15517357600269632
acs,T85,hgb,0,15135,3784,0.16663363065741657,76.7,0.866014799154334,0.8777425491439442,0.009403616812490578,0.8693333333333333,0.878003884073228,0.01394136843745858,0.113,0.12673156786892706,0.2439092922548015,0.037269785963165755,0.21025104602510458
acs,T85,hgb,1,15135,3784,0.16663363065741657,28.17,0.8734143763213531,0.8816239896931082,0.006726704002604294,0.8703333333333333,0.8770113813627404,0.017879033147875673,0.118,0.12337154397542383,0.25162804535387256,0.039937468889995026,0.21443514644351463
acs,T85,hgb,2,15135,3784,0.16663363065741657,30.34,0.8734143763213531,0.8891337278940323,0.012691983457752198,0.8676666666666667,0.8775761142540577,0.012386842496670752,0.11666666666666667,0.116711941062692,0.21744735711216157,0.020291500746640115,0.21443514644351463
acs,T85,hgb,3,15135,3784,0.16663363065741657,26.82,0.8681289640591966,0.8748301476583024,0.012760776771305521,0.8693333333333333,0.8770620231709291,0.015954242311807577,0.11833333333333333,0.12936980885197408,0.23141383755908895,0.040699664011946246,0.22280334728033474
acs,T85,hgb,4,15135,3784,0.16663363065741657,44.95,0.8755285412262156,0.8925979607653671,0.01118479608474214,0.8663333333333333,0.8794586851084694,0.00960799522040431,0.118,0.1193715155307771,0.21744735711216157,0.020291500746640115,0.21234309623430964
acs,T85,logreg,0,15135,3784,0.16663363065741657,0.29,0.8697145877378436,0.8787772644462561,0.01583567279681833,0.87,0.8791955011659125,0.016043585176552657,0.11233333333333333,0.12940180907953125,0.2439092922548015,-0.005070930811348934,0.08106694560669458
acs,T85,logreg,1,15135,3784,0.16663363065741657,0.29,0.8731501057082452,0.8845109762357701,0.010784878528142522,0.8693333333333333,0.8802996460444528,0.010807235779575009,0.113,0.12539822505404483,0.23519883640210243,-0.0031654430064708833,0.08525104602510458
acs,T85,logreg,2,15135,3784,0.16663363065741657,0.26,0.8734143763213531,0.8931998671377237,0.0119660620123349,0.8683333333333333,0.8812326829953249,0.013255702286987591,0.11266666666666666,0.1340667311411992,0.27316452348682685,0.016480525136884014,0.08106694560669458
acs,T85,logreg,3,15135,3784,0.16663363065741657,0.37,0.8755285412262156,0.8760757314974182,0.012358526220474633,0.868,0.8803004133445768,0.009675591676487605,0.113,0.13073159631357378,0.24703315592872965,0.015337232453957184,0.07479079497907948
acs,T85,logreg,4,15135,3784,0.16663363065741657,0.24,0.8757928118393234,0.8848939618121608,0.014345431300140567,0.8693333333333333,0.8813255263103377,0.010075437331700757,0.111,0.12407554898168166,0.24423985983934415,0.014575037332005977,0.07479079497907948
acs,T85,rf,0,15135,3784,0.16663363065741657,4.14,0.8477801268498943,0.8717519199605441,0.05577834441258233,0.845,0.8745648449171355,0.058976400595166,0.030666666666666665,0.05183681306178178,0.18024197547188522,0.03086890243902439,0.14644351464435146
acs,T85,rf,1,15135,3784,0.16663363065741657,3.74,0.8480443974630021,0.871003814757778,0.056750725301098,0.842,0.8752646226302894,0.05957878213559256,0.025666666666666667,0.04319675162134486,0.15543287825195862,0.025914634146341462,0.12133891213389121
acs,T85,rf,2,15135,3784,0.16663363065741657,3.85,0.8501585623678647,0.8770953488138016,0.05710892175528058,0.844,0.8741934716570844,0.05971450262135141,0.029666666666666668,0.04984213221071795,0.17186208720372878,0.03010670731707317,0.14225941422594143
acs,T85,rf,3,15135,3784,0.16663363065741657,5.14,0.8535940803382663,0.8608499159545451,0.04883710069396945,0.8433333333333334,0.8745364548125447,0.058460310795144216,0.027666666666666666,0.04851945613835476,0.16939935869888598,0.027820121951219513,0.13179916317991633
acs,T85,rf,4,15135,3784,0.16663363065741657,4.62,0.8520084566596194,0.8832055037191372,0.06394600419341283,0.8423333333333334,0.8764976739296738,0.0617530090997179,0.02666666666666667,0.04519143247240869,0.15230901457803048,0.026295731707317072,0.12552301255230125
adult,V0,hgb,0,35873,8969,0.23850807013631423,89.2,0.8747909465938232,0.9277450362335953,0.005714911418260918,0.87175,0.9250910542317261,0.014479155806396601,0.20675,0.16470463763004764,0.05505105898863005,0.14131881314314632,0.0855994152046784
adult,V0,hgb,1,35873,8969,0.23850807013631423,86.62,0.8783587913925744,0.9271554830906467,0.014335891734581793,0.87025,0.9233919561277454,0.012698675933844286,0.21025,0.16429553870569566,0.05322533397824125,0.13557852711289384,0.042251461988304095
adult,V0,hgb,2,35873,8969,0.23850807013631423,69.42,0.8753484223436281,0.9303772510382036,0.008451009726270407,0.8715,0.9257267917274365,0.0142507941949714,0.2075,0.15905484041615237,0.056284104611318164,0.14008328491187294,0.06557017543859656
adult,V0,hgb,3,35873,8969,0.23850807013631423,26.89,0.8776898204928085,0.9318527424522755,0.014008245355639715,0.86875,0.9253031901488504,0.012584638262845371,0.20675,0.16921883265737964,0.08144232275820729,0.14516910023554697,0.10562865497076024
adult,V0,hgb,4,35873,8969,0.23850807013631423,65.81,0.8683242278960865,0.9275297634326463,0.009162884538964968,0.86875,0.9249191336543412,0.010938996259251222,0.20875,0.15979545053782399,0.045827060242112916,0.13383535453880901,0.08230994152046789
adult,V0,logreg,0,35873,8969,0.23850807013631423,0.72,0.8522689263017059,0.9056662265381739,0.008542408665771528,0.85175,0.9049962867836308,0.015633143007886298,0.20625,0.16169987656497972,0.0518015409664081,0.139866169331409,0.08618421052631575
adult,V0,logreg,1,35873,8969,0.23850807013631423,0.63,0.8543873341509645,0.9055944233050433,0.006229496290126785,0.852,0.9050050001072408,0.011863206709807539,0.208,0.16544524775171926,0.05673372345716021,0.13921169862483052,0.09057017543859647
adult,V0,logreg,2,35873,8969,0.23850807013631423,0.64,0.8494815475526815,0.9067529263753331,0.010990482897906953,0.85075,0.9050056703629032,0.013563538244893343,0.20625,0.16282842532181274,0.04933544972103199,0.14015669809375647,0.08399122807017545
adult,V0,logreg,3,35873,8969,0.23850807013631423,0.58,0.8556137808005352,0.909797753085862,0.01536018534302434,0.85225,0.9047221522177419,0.011374701101009459,0.20675,0.16357608887321462,0.0542676322117841,0.13180165320237672,0.0650584795321637
adult,V0,logreg,4,35873,8969,0.23850807013631423,0.64,0.8471401494035009,0.9044036806515271,0.013297534433305471,0.85425,0.9049835519260467,0.01589367605371694,0.20775,0.1639428672191853,0.048150090945630275,0.1416093419054938,0.09495614035087718
adult,V0,rf,0,35873,8969,0.23850807013631423,63.89,0.8606310625487791,0.9153932715784459,0.02276411394219643,0.85975,0.9145222953843515,0.03258204429940216,0.18875,0.15358843237524245,0.055405304139899525,0.12308891429713907,0.09086257309941526
adult,V0,rf,1,35873,8969,0.23850807013631423,79.69,0.8683242278960865,0.917615612445985,0.02649840701466683,0.861,0.9148426775909403,0.028101850283758646,0.1885,0.15321460059954153,0.06462930288641666,0.12875578714550806,0.11637426900584796
adult,V0,rf,2,35873,8969,0.23850807013631423,80.15,0.8638644218976474,0.9177749964577528,0.02435349996840118,0.8605,0.914942545684626,0.02897527642800501,0.1885,0.15321460059954153,0.0701541647648698,0.12337944305948655,0.09305555555555556
adult,V0,rf,3,35873,8969,0.23850807013631423,19.18,0.8672092763964767,0.9205079000668748,0.024913696448300243,0.861,0.9145469272799417,0.030008465930090815,0.191,0.15695291835655087,0.06403662349871586,0.11974627154754987,0.07412280701754381
adult,V0,rf,4,35873,8969,0.23850807013631423,45.08,0.8601850819489352,0.9152830341075623,0.026137618183064117,0.86125,0.9146281957789979,0.02803067988307369,0.19375,0.15880797037559513,0.06467698973370295,0.12889948954408853,0.1051169590643275
adult,V1_workforce,hgb,0,33609,8403,0.24820732541878662,51.57,0.8713554682851362,0.929648738865479,0.014506300267366927,0.869,0.9248395407944405,0.01566856574243478,0.208,0.16205960148122023,0.05135192212056594,0.13143771125814574,0.03786549707602338
adult,V1_workforce,hgb,1,33609,8403,0.24820732541878662,78.65,0.8727835296917767,0.9293250752698095,0.009050826782958902,0.87075,0.9248459082232326,0.012831221241494661,0.20875,0.16882384059248812,0.0642750577351473,0.13114718249579826,0.016739766081871332
adult,V1_workforce,hgb,2,33609,8403,0.24820732541878662,24.81,0.8681423301201951,0.9313545560526914,0.013605420851151063,0.87025,0.9240739412641557,0.009375375008751158,0.21025,0.16429553870569566,0.046467426477100116,0.14211698624830527,0.06447368421052635
adult,V1_workforce,hgb,3,33609,8403,0.24820732541878662,31.14,0.8757586576222778,0.9294572347426955,0.008094775671635966,0.8715,0.9268638804585622,0.008388608949548135,0.212,0.16352671486510317,0.05386570021322834,0.1352145851686629,0.027704678362573065
adult,V1_workforce,hgb,4,33609,8403,0.24820732541878662,43.61,0.8687373557062954,0.9227355804263434,0.006318340156700403,0.87125,0.9259652351793068,0.01414352408129999,0.20825,0.16130488450008815,0.05075924273286514,0.1320187687828407,0.021125730994152048
adult,V1_workforce,logreg,0,33609,8403,0.24820732541878662,0.66,0.8461263834344876,0.9054754318461604,0.01434898816286566,0.85075,0.9048411225978037,0.010419866155836831,0.20975,0.17031916769529187,0.07148258408213037,0.13768564163120967,0.09166666666666667
adult,V1_workforce,logreg,1,33609,8403,0.24820732541878662,0.55,0.8523146495299297,0.9089212538993304,0.010951445181585381,0.85425,0.9049285909617364,0.014254536815641834,0.20575,0.1643378592840769,0.05673372345716021,0.13361823895834504,0.06725146198830412
adult,V1_workforce,logreg,2,33609,8403,0.24820732541878662,0.72,0.8464833987861478,0.9074408629046004,0.01179690832034394,0.852,0.9046802612388469,0.013573939869107198,0.2045,0.16021160289190617,0.048102404098343876,0.13216559514660767,0.08289473684210524
adult,V1_workforce,logreg,3,33609,8403,0.24820732541878662,0.61,0.8512436034749494,0.9074731913200177,0.010635982572493029,0.85275,0.9047861616334935,0.012066525569245479,0.20475,0.16622817845177218,0.06408431034600215,0.13841352551967162,0.08508771929824566
adult,V1_workforce,logreg,4,33609,8403,0.24820732541878662,0.48,0.844103296441747,0.8984489342323163,0.007904651864517508,0.85175,0.9047878372726493,0.013032297417769548,0.20725,0.16545230118144946,0.061025539712925236,0.13536141153242987,0.08837719298245617
adult,V1_workforce,rf,0,33609,8403,0.24820732541878662,33.51,0.861716053790313,0.9178758455284565,0.026158720842297926,0.8625,0.9149810853852093,0.03048558337655541,0.1915,0.15544348439428674,0.05545299098718581,0.12090838659693977,0.07960526315789473
adult,V1_workforce,rf,1,33609,8403,0.24820732541878662,23.6,0.8629061049625134,0.9189215862900806,0.027088788416590983,0.8635,0.9149170759694579,0.03205048012112663,0.1905,0.157333803561982,0.06896880598946797,0.12243444359056062,0.07850877192982453
adult,V1_workforce,rf,2,33609,8403,0.24820732541878662,33.0,0.8580268951564918,0.9189347908541243,0.027429303069945753,0.86175,0.9146194824553879,0.02998037255789511,0.18975,0.15169811320754717,0.042529855372604564,0.1218533860658657,0.07412280701754381
adult,V1_workforce,rf,3,33609,8403,0.24820732541878662,20.02,0.8639771510174937,0.9185528829888939,0.027757277336153283,0.85975,0.9156096176325497,0.0319156043747651,0.19275,0.15618409451595838,0.06526966912140386,0.1217799728839822,0.052997076023391765
adult,V1_workforce,rf,4,33609,8403,0.24820732541878662,27.86,0.8569558491015113,0.9108417211405527,0.024581547919683155,0.86225,0.9141129367385895,0.03170316308417695,0.18925,0.15546464468347734,0.06280357787602775,0.1239605005841815,0.09744152046783627
adult,V3_drop,hgb,0,32977,8245,0.24783940322042636,87.21,0.8687689508793208,0.9260128851744887,0.005226776043754372,0.86975,0.9258018603616164,0.013468889436307191,0.20625,0.1605713278081467,0.03537001587290778,0.13151112444002924,0.010160818713450204
adult,V3_drop,hgb,1,32977,8245,0.24783940322042636,37.92,0.8730139478471801,0.9272489271693736,0.006551723265064725,0.871,0.9249042204658546,0.014790105520405713,0.2095,0.16430259213542586,0.046467426477100116,0.13499746958819892,0.018932748538011634
adult,V3_drop,hgb,2,32977,8245,0.24783940322042636,36.39,0.8713159490600364,0.9280630109529981,0.005263176538669309,0.8695,0.9249164526316918,0.014081041181260303,0.2035,0.14743078822077232,0.014455927134497282,0.1244650209618064,0.0024853801169589795
adult,V3_drop,hgb,3,32977,8245,0.24783940322042636,85.35,0.8642813826561553,0.9251001484844625,0.014687972126050875,0.8735,0.9260775030027454,0.013420223681126194,0.2115,0.16503614882736733,0.05080692958015143,0.1429885725353477,0.051023391812865526
adult,V3_drop,hgb,4,32977,8245,0.24783940322042636,16.44,0.8731352334748332,0.9291837868920436,0.007677955695035213,0.8695,0.9254844943055078,0.00917151264853127,0.2105,0.16128372421089754,0.045234380854412115,0.1307832405515673,0.02002923976608184
adult,V3_drop,logreg,0,32977,8245,0.24783940322042636,0.58,0.8485142510612492,0.9032569349441695,0.011867813538942937,0.853,0.9048347551690117,0.014295129494961712,0.207,0.16282137189208254,0.04997581595601919,0.13180165320237672,0.06725146198830412
adult,V3_drop,logreg,1,32977,8245,0.24783940322042636,0.72,0.8503335354760461,0.9077229914781252,0.009388268730027483,0.85225,0.9051735694063143,0.01485951584221834,0.20525,0.15907600070534295,0.04381058784257896,0.1330371814336501,0.061769005847953196
adult,V3_drop,logreg,2,32977,8245,0.24783940322042636,0.92,0.8509399636143117,0.9073780219950207,0.009452639597193366,0.85275,0.9046795909831846,0.013223717385709344,0.20725,0.16206665491095046,0.04321790845487805,0.12584425159166027,0.020614035087719307
adult,V3_drop,logreg,3,32977,8245,0.24783940322042636,0.53,0.8442692540933899,0.901379136062562,0.012124963235584764,0.8525,0.9050525882592656,0.01378238068358438,0.2085,0.16167871627578909,0.04568399970025416,0.13056612497110331,0.04612573099415207
adult,V3_drop,logreg,4,32977,8245,0.24783940322042636,0.59,0.8549423893268647,0.9102670526284055,0.014227863800383137,0.8535,0.9047590162791695,0.014284388718477582,0.208,0.16093105272438726,0.04015913782180103,0.1329637682517666,0.07054093567251463
adult,V3_drop,rf,0,32977,8245,0.24783940322042636,27.9,0.8557913887204366,0.9132665745169598,0.021566023448907793,0.86075,0.9138652772713625,0.030325719835389637,0.18775,0.15547875154293778,0.0689211191421818,0.11923862720473842,0.0675438596491228
adult,V3_drop,rf,1,32977,8245,0.24783940322042636,20.19,0.8636749545178897,0.9175272356997877,0.030928297331184743,0.8585,0.9137627281550273,0.031534397008159215,0.1935,0.1584341385998942,0.057278715997574725,0.12533973121403535,0.09744152046783627
adult,V3_drop,rf,2,32977,8245,0.24783940322042636,31.28,0.8623408126137053,0.9181098008426694,0.02896877026374412,0.8615,0.9147868788070521,0.032979432880098705,0.189,0.1528337153941104,0.06033748663065175,0.12040074225412832,0.09415204678362576
adult,V3_drop,rf,3,32977,8245,0.24783940322042636,32.16,0.8546998180715585,0.9121207802008512,0.018114803529062192,0.86025,0.9148329588838368,0.03041295028832148,0.18875,0.15245988361840945,0.056638349762587636,0.1227983855347916,0.09086257309941526
adult,V3_drop,rf,4,32977,8245,0.24783940322042636,21.29,0.8633110976349303,0.919944942207549,0.027830802780300985,0.86025,0.9155186304263898,0.033225680015281756,0.18825,0.15171222006700757,0.0486473966387585,0.12250785677244412,0.09086257309941526
adult,V3_impute,hgb,0,35873,8969,0.23850807013631423,62.16,0.8735644999442524,0.927876184941582,0.004715264519207998,0.8705,0.9250920596152195,0.01345794163485951,0.2035,0.1654875683301005,0.07098527838900204,0.13725141047028172,0.07463450292397666
adult,V3_impute,hgb,1,35873,8969,0.23850807013631423,63.82,0.8776898204928085,0.9271280349529104,0.012661686821242316,0.86925,0.9236384426475635,0.013292092206495146,0.20825,0.16017633574325518,0.05258496774325405,0.14008328491187294,0.06118421052631584
adult,V3_impute,hgb,2,35873,8969,0.23850807013631423,36.09,0.8741219756940574,0.9292340463688714,0.009512467232070363,0.8685,0.9253506107369595,0.016363403739444667,0.203,0.1579686122377006,0.07157795777670295,0.1330371814336501,0.05241228070175441
adult,V3_impute,hgb,3,35873,8969,0.23850807013631423,40.36,0.8764633738432378,0.9312339272672264,0.014204816200456457,0.87075,0.9257241107047871,0.012274608836777896,0.20425,0.16999470992770238,0.1072409071400835,0.13899458304436657,0.08011695906432759
adult,V3_impute,hgb,4,35873,8969,0.23850807013631423,92.15,0.8691046939458134,0.9272397440820515,0.008907414603136987,0.8705,0.925188073738847,0.015790499861009964,0.2075,0.16018338917298539,0.05381801336594205,0.1296945386840609,0.03676900584795317
adult,V3_impute,logreg,0,35873,8969,0.23850807013631423,0.65,0.8500390233024864,0.9042604848805939,0.010148789974084771,0.8515,0.9045193998798902,0.01762540100866051,0.2005,0.15987303826485627,0.06403662349871586,0.13645323736512283,0.07302631578947372
adult,V3_impute,logreg,1,35873,8969,0.23850807013631423,0.64,0.8544988293009254,0.9049825557159549,0.004692745056744901,0.85075,0.904650769989705,0.017205103082714265,0.20125,0.15986598483512607,0.06403662349871586,0.13434612284680697,0.07302631578947372
adult,V3_impute,logreg,2,35873,8969,0.23850807013631423,0.61,0.846917159103579,0.9046808999977413,0.010242862690786335,0.8515,0.9045726852050446,0.019149485296100402,0.2005,0.15874448950802325,0.057278715997574725,0.13645323736512283,0.07302631578947372
adult,V3_impute,logreg,3,35873,8969,0.23850807013631423,0.7,0.8527149069015498,0.9081468263176302,0.015765441552695887,0.8505,0.9043689274836993,0.013835675051075705,0.1995,0.16063480867571855,0.06586234850910477,0.1355816510780804,0.06973684210526321
adult,V3_impute,logreg,4,35873,8969,0.23850807013631423,1.0,0.8480321106031887,0.9030761080046573,0.009031713508999218,0.8515,0.9045740257163692,0.01597139855332595,0.1995,0.15950625991888553,0.06157053225333975,0.13529112231573293,0.0708333333333333
adult,V3_impute,rf,0,35873,8969,0.23850807013631423,37.78,0.861300033448545,0.9149739858734496,0.022640456432676738,0.85775,0.9146027260638298,0.03126663170320097,0.18425,0.15137365543995768,0.0664073410495194,0.11785939657488458,0.07660818713450301
adult,V3_impute,rf,1,35873,8969,0.23850807013631423,21.26,0.8677667521462816,0.9174564337818809,0.026572843280131115,0.861,0.9144338216369252,0.0276343196179636,0.185,0.15136660201022745,0.06951379852988271,0.1217096836672852,0.10760233918128653
adult,V3_impute,rf,2,35873,8969,0.23850807013631423,24.94,0.8641989073475304,0.9173033128738611,0.02493678372934591,0.86025,0.9143647853037061,0.030191165290207708,0.18475,0.15324986774819255,0.0670477072845066,0.11662386834361117,0.062061403508771984
adult,V3_impute,rf,3,35873,8969,0.23850807013631423,38.93,0.8665403054967109,0.9202921823459874,0.024211394040021792,0.8605,0.9148156998005319,0.03154443152810536,0.188,0.15585258331863866,0.06216321164104066,0.11328122559402198,0.0675438596491228
adult,V3_impute,rf,4,35873,8969,0.23850807013631423,22.12,0.861188538298584,0.9151290233596657,0.024416565385900275,0.862,0.9143775201612903,0.028596452859724987,0.189,0.1550908129077764,0.06832843975448077,0.1239605005841815,0.09744152046783627
adult,V4_dedup,hgb,0,35840,8960,0.2386439732142857,25.23,0.8727678571428571,0.928927527432159,0.0050379923053045965,0.866,0.9245930542746225,0.013222652707260184,0.207,0.1583071768647505,0.041487557139061715,0.1350708827700824,0.05021929824561411
adult,V4_dedup,hgb,1,35840,8960,0.2386439732142857,63.72,0.8792410714285714,0.9281173356764927,0.00875324963809583,0.869,0.9256409990026596,0.01302070454561514,0.2065,0.15417386704284958,0.027379062749078642,0.1296945386840609,0.033479532163742665
adult,V4_dedup,hgb,2,35840,8960,0.2386439732142857,13.09,0.8735491071428572,0.9296003218553083,0.009148779457649626,0.871,0.9251289236766471,0.01121034611519504,0.205,0.16434491271380708,0.07591746087975415,0.13478035400773494,0.03676900584795317
adult,V4_dedup,hgb,3,35840,8960,0.2386439732142857,49.49,0.8755580357142857,0.9291972828237702,0.01094297184972913,0.8695,0.9254240037319835,0.011981401788702467,0.2075,0.16469758420031738,0.07162564462398913,0.1362329978194723,0.060087719298245634
adult,V4_dedup,hgb,4,35840,8960,0.2386439732142857,9.97,0.8728794642857143,0.9294527774144016,0.008090970023969496,0.87175,0.9248645078178621,0.01265491150295191,0.20775,0.1594286721918533,0.030485520229441843,0.13325429701411406,0.04005847953216368
adult,V4_dedup,logreg,0,35840,8960,0.2386439732142857,0.55,0.8489955357142858,0.9044095082245056,0.009476322597577715,0.852,0.9047566703843515,0.01411047724968933,0.2065,0.1575595133133486,0.03951877158681394,0.1404472268561039,0.08728070175438596
adult,V4_dedup,logreg,1,35840,8960,0.2386439732142857,0.58,0.8571428571428571,0.9074272445472318,0.007899875732075535,0.85,0.9049751737302676,0.011965941874659275,0.2075,0.16356903544348436,0.05056849534371999,0.13863064110013557,0.08508771929824566
adult,V4_dedup,logreg,2,35840,8960,0.2386439732142857,0.66,0.8504464285714286,0.9076487668932214,0.01222589574272218,0.85375,0.905229535754118,0.011576426942521334,0.20575,0.1654664080409099,0.06225858533561324,0.14226381261207227,0.08947368421052637
adult,V4_dedup,logreg,3,35840,8960,0.2386439732142857,0.73,0.8521205357142857,0.9071536154284315,0.012276809510444327,0.852,0.9049812060312286,0.010777151927647867,0.206,0.16358314230294482,0.058559448467549124,0.12795136610997607,0.03954678362573105
adult,V4_dedup,logreg,4,35840,8960,0.2386439732142857,0.59,0.8503348214285714,0.9072361978071825,0.011799996988955588,0.85325,0.9051323486830817,0.013371416127297137,0.20725,0.16545230118144946,0.05796676907984821,0.1383401123377881,0.09166666666666667
adult,V4_dedup,rf,0,35840,8960,0.2386439732142857,26.14,0.8609375,0.9160043621596228,0.02500689789908492,0.858,0.9137685928920727,0.03168725024565729,0.189,0.1528337153941104,0.05170616727183541,0.12664867262719226,0.08866959064327484
adult,V4_dedup,rf,1,35840,8960,0.2386439732142857,22.58,0.8686383928571428,0.9180919240261313,0.02606193911803324,0.86,0.9151082663971346,0.031791317081234616,0.1865,0.15022394639393405,0.05723102915028844,0.12672208580907574,0.11089181286549704
adult,V4_dedup,rf,2,35840,8960,0.2386439732142857,23.79,0.8637276785714286,0.9171416953185355,0.023427002680416163,0.85975,0.9142724575862217,0.028953605233192754,0.18875,0.15358843237524245,0.055405304139899525,0.12366997182183402,0.09195906432748546
adult,V4_dedup,rf,3,35840,8960,0.2386439732142857,35.0,0.8654017857142857,0.9182036107799589,0.025080305405072164,0.86,0.9140517759094029,0.03282739546746999,0.191,0.16033856462704993,0.06832843975448077,0.1227249723529081,0.07302631578947372
adult,V4_dedup,rf,4,35840,8960,0.2386439732142857,26.42,0.8603794642857143,0.9176273852903677,0.026494469168860457,0.861,0.914687178277282,0.03179782980990767,0.1925,0.1524246164697584,0.04070413036221565,0.1268657882076562,0.09963450292397669
adult,V5_hist,hgb,0,29876,14966,0.2399584951131343,22.71,0.8715087531738608,0.9256727496836685,0.005772453956434219,0.86475,0.923246510649022,0.01401833134902065,0.21075,0.16504320225709754,0.04765278525250183,0.13674064216228374,0.033479532163742665
adult,V5_hist,hgb,1,29876,14966,0.2399584951131343,78.96,0.8725778431110517,0.9263500980726589,0.007123720260612919,0.86975,0.9241367777324985,0.01297054182355016,0.21375,0.16050079351084462,0.04034988521094618,0.1390648722610635,0.045540935672514604
adult,V5_hist,hgb,2,29876,14966,0.2399584951131343,32.88,0.8737137511693172,0.9260461868675851,0.007544737659287045,0.8675,0.9251870683553534,0.014147648598689772,0.2085,0.1594216187621231,0.028612108371766753,0.14037381367422042,0.08121345029239768
adult,V5_hist,hgb,3,29876,14966,0.2399584951131343,30.13,0.8721769343846051,0.9262643216822881,0.008361883548583,0.8695,0.9256485393788607,0.014853666721034059,0.213,0.16502204196790687,0.058157516468993364,0.13666722898040023,0.024415204678362556
adult,V5_hist,hgb,4,29876,14966,0.2399584951131343,11.36,0.872911933716424,0.9264348456421627,0.004915110445088345,0.86775,0.9252179001158203,0.01215227081263402,0.21125,0.16353376829483338,0.04952619711017703,0.13761222844932616,0.04115497076023389
adult,V5_hist,logreg,0,29876,14966,0.2399584951131343,0.54,0.8525992249097956,0.9056282079378363,0.007606037737313322,0.85275,0.9044379638169184,0.013841344671773028,0.20775,0.16055722094868632,0.04445095407756616,0.12998506744640836,0.045029239766081974
adult,V5_hist,logreg,1,29876,14966,0.2399584951131343,0.66,0.8525992249097956,0.9056282079378363,0.007606037737313322,0.85275,0.9044379638169184,0.013841344671773028,0.20775,0.16055722094868632,0.04445095407756616,0.12998506744640836,0.045029239766081974
adult,V5_hist,logreg,2,29876,14966,0.2399584951131343,0.41,0.8525992249097956,0.9056282079378363,0.007606037737313322,0.85275,0.9044379638169184,0.013841344671773028,0.20775,0.16055722094868632,0.04445095407756616,0.12998506744640836,0.045029239766081974
adult,V5_hist,logreg,3,29876,14966,0.2399584951131343,0.47,0.8525992249097956,0.9056282079378363,0.007606037737313322,0.85275,0.9044379638169184,0.013841344671773028,0.20775,0.16055722094868632,0.04445095407756616,0.12998506744640836,0.045029239766081974
adult,V5_hist,logreg,4,29876,14966,0.2399584951131343,0.45,0.8525992249097956,0.9056282079378363,0.007606037737313322,0.85275,0.9044379638169184,0.013841344671773028,0.20775,0.16055722094868632,0.04445095407756616,0.12998506744640836,0.045029239766081974
adult,V5_hist,rf,0,29876,14966,0.2399584951131343,18.47,0.8660964853668315,0.915271705393302,0.027693626535140545,0.8615,0.9146387523056796,0.032985557033458644,0.192,0.15957679421618762,0.074493667867921,0.12417761616464547,0.07850877192982453
adult,V5_hist,rf,1,29876,14966,0.2399584951131343,18.22,0.8665642122143525,0.9155737696789881,0.02707363490277071,0.86125,0.914412708583562,0.031197531247498887,0.19125,0.15958384764591782,0.07878548412368613,0.12330602987760304,0.07631578947368423
adult,V5_hist,rf,2,29876,14966,0.2399584951131343,28.28,0.866631030335427,0.91558057477123,0.027027449819616363,0.86225,0.9145062092484557,0.03170214462156894,0.19425,0.159555633926997,0.06837612660176717,0.12679237502577273,0.08508771929824566
adult,V5_hist,rf,3,29876,14966,0.2399584951131343,25.1,0.8669651209407991,0.9154471255488696,0.02779075268967137,0.8615,0.9143490342956417,0.03095265268613697,0.192,0.1573196967025216,0.06097785286563884,0.12417761616464547,0.07850877192982453
adult,V5_hist,rf,4,29876,14966,0.2399584951131343,26.05,0.8658292128825338,0.9155213989782196,0.026684484447741602,0.86275,0.9144644858334762,0.030180960900745814,0.19525,0.16217950978663376,0.08559107847211334,0.12795449007516263,0.08837719298245617
adult,V5_uniform,hgb,0,35873,8969,0.23613860006132745,8.52,0.8714460920949939,0.9296444941896741,0.007249774408923375,0.86925,0.9256885871546843,0.01767433765747208,0.20375,0.15570446129430437,0.027971742136779554,0.13514429595196592,0.05021929824561411
adult,V5_uniform,hgb,1,35873,8969,0.23761603434337802,70.89,0.8689931987958524,0.9253276324667523,0.011252801552955013,0.86925,0.9254283603937885,0.013251435146399584,0.20625,0.16734262034914474,0.07468441525706615,0.1296945386840609,0.03676900584795317
adult,V5_uniform,hgb,2,35873,8969,0.23811780447690464,36.56,0.8718920726948378,0.9270056493941198,0.008227599197546674,0.86575,0.9241000812349862,0.012243459426079925,0.20925,0.16731440663022396,0.05993555463209599,0.13499746958819892,0.03238304093567246
adult,V5_uniform,hgb,3,35873,8969,0.23898196415131157,76.81,0.8753484223436281,0.9301938753696487,0.008977889676238719,0.87,0.9259473058403397,0.015647051641326376,0.209,0.16129783107035794,0.03601038210789498,0.13797617039355714,0.06447368421052635
adult,V5_uniform,hgb,4,35873,8969,0.23917709698101636,85.0,0.8731185193444085,0.9305738534416927,0.007940216660252401,0.87125,0.9245677521233698,0.009761621661858065,0.20825,0.17033327455475225,0.07779087273742935,0.12163002255502864,-0.007675438596491224
adult,V5_uniform,logreg,0,35873,8969,0.23613860006132745,0.54,0.8492585572527594,0.906903261675315,0.012534524053469082,0.85175,0.9052888533802333,0.01293507045384951,0.20425,0.16096631987303825,0.0536272659767969,0.14052064003798742,0.08179824561403515
adult,V5_uniform,logreg,1,35873,8969,0.23761603434337802,0.8,0.8504850039023303,0.9037937432216835,0.00978925919037217,0.85075,0.9054138560612559,0.01200034155783138,0.20825,0.16807617704108624,0.061025539712925236,0.13652352658181977,0.0650584795321637
adult,V5_uniform,logreg,2,35873,8969,0.23811780447690464,0.52,0.8483665960530717,0.9047649420287011,0.012221955736235343,0.8545,0.9051822827299244,0.01655442286390918,0.2065,0.1643308058543467,0.05244190720139519,0.14284487013676722,0.09166666666666667
adult,V5_uniform,logreg,3,35873,8969,0.23898196415131157,1.07,0.8547218196008474,0.9094315678887964,0.012732043020601817,0.85125,0.9049835519260467,0.014064974205365262,0.20575,0.15869511549991183,0.035819634718749827,0.14015669809375647,0.08618421052631575
adult,V5_uniform,logreg,4,35873,8969,0.23917709698101636,0.49,0.8507079942022522,0.9091290068231627,0.012250835444283842,0.85175,0.9048702787191147,0.015581645719939238,0.20675,0.1658331863868806,0.059792494090237125,0.13180165320237672,0.0639619883040935
adult,V5_uniform,rf,0,35873,8969,0.23613860006132745,24.98,0.861300033448545,0.9175579032696749,0.026829790615254322,0.8615,0.9150117495817605,0.03201099401747259,0.188,0.15133838829130664,0.05111348788413461,0.1195291559670859,0.06973684210526321
adult,V5_uniform,rf,1,35873,8969,0.23761603434337802,34.18,0.8628609655479986,0.9150122255319627,0.021903625397374737,0.8605,0.9154908148164035,0.03141739102696715,0.1895,0.15583847645917828,0.05910444100796364,0.1239605005841815,0.09305555555555556
adult,V5_uniform,rf,2,35873,8969,0.23811780447690464,33.6,0.8620804994982718,0.9157895877354232,0.0238710164313351,0.86175,0.9149288054435483,0.03052855335430585,0.18975,0.15621230823487922,0.06956148537716889,0.12337944305948655,0.09415204678362576
adult,V5_uniform,rf,3,35873,8969,0.23898196415131157,33.59,0.865871334596945,0.9194838524601333,0.03010276615030302,0.859,0.914506879504118,0.033543969213885486,0.1855,0.15098571680479633,0.05905675416067746,0.12258126995432762,0.10650584795321644
adult,V5_uniform,rf,4,35873,8969,0.23917709698101636,33.27,0.8636414315977256,0.9197578539494117,0.025873248513860508,0.86175,0.9137201669204702,0.030299919603995414,0.19175,0.1580744136836537,0.074493667867921,0.12657525944530873,0.10182748538011699
german,corrected,hgb,0,700,300,0.7,45.33,0.7433333333333333,0.753068783068783,0.1285453965591805,,,,,,,,
german,corrected,hgb,1,700,300,0.7,23.49,0.7333333333333333,0.7586243386243385,0.11966819964858563,,,,,,,,
german,corrected,hgb,2,700,300,0.7,57.25,0.7433333333333333,0.7966666666666666,0.11711755520327743,,,,,,,,
german,corrected,hgb,3,700,300,0.7,23.49,0.7733333333333333,0.776931216931217,0.08047910922369307,,,,,,,,
german,corrected,hgb,4,700,300,0.7,50.93,0.74,0.7614285714285715,0.1362073106074115,,,,,,,,
german,corrected,logreg,0,700,300,0.7,0.05,0.7233333333333334,0.7611111111111111,0.08029681000659834,,,,,,,,
german,corrected,logreg,1,700,300,0.7,0.08,0.7433333333333333,0.7592063492063492,0.07517665645682602,,,,,,,,
german,corrected,logreg,2,700,300,0.7,0.05,0.76,0.8046560846560847,0.053387709809312886,,,,,,,,
german,corrected,logreg,3,700,300,0.7,0.05,0.7766666666666666,0.8000529100529102,0.051497661259746544,,,,,,,,
german,corrected,logreg,4,700,300,0.7,0.06,0.7433333333333333,0.7470370370370369,0.08684457595093477,,,,,,,,
german,corrected,rf,0,700,300,0.7,1.87,0.73,0.746825396825397,0.023753375319920177,,,,,,,,
german,corrected,rf,1,700,300,0.7,2.06,0.7366666666666667,0.7423280423280424,0.033960572426883724,,,,,,,,
german,corrected,rf,2,700,300,0.7,2.0,0.7533333333333333,0.7928042328042328,0.11816192756510056,,,,,,,,
german,corrected,rf,3,700,300,0.7,1.86,0.7633333333333333,0.7874074074074074,0.056957702545767167,,,,,,,,
german,corrected,rf,4,700,300,0.7,2.45,0.7166666666666667,0.7506878306878306,0.08194443916889206,,,,,,,,
german,statlog,hgb,0,700,300,0.7,59.09,0.7633333333333333,0.8212169312169312,0.10265844460874533,,,,,,,,
german,statlog,hgb,1,700,300,0.7,32.61,0.7833333333333333,0.7869841269841271,0.08321187009104125,,,,,,,,
german,statlog,hgb,2,700,300,0.7,32.18,0.7533333333333333,0.7781481481481481,0.1250298357086877,,,,,,,,
german,statlog,hgb,3,700,300,0.7,42.85,0.7666666666666667,0.7807936507936508,0.09614353949547746,,,,,,,,
german,statlog,hgb,4,700,300,0.7,35.89,0.78,0.7974603174603175,0.09448397827721289,,,,,,,,
german,statlog,logreg,0,700,300,0.7,0.12,0.7833333333333333,0.8267195767195767,0.07070289640915284,,,,,,,,
german,statlog,logreg,1,700,300,0.7,0.05,0.76,0.8138095238095239,0.03561120206595909,,,,,,,,
german,statlog,logreg,2,700,300,0.7,0.04,0.7366666666666667,0.7777248677248678,0.07087188674991819,,,,,,,,
german,statlog,logreg,3,700,300,0.7,0.06,0.7566666666666667,0.8035449735449737,0.06069042087727175,,,,,,,,
german,statlog,logreg,4,700,300,0.7,0.17,0.7766666666666666,0.8146031746031748,0.03557439977818626,,,,,,,,
german,statlog,rf,0,700,300,0.7,1.83,0.78,0.8359788359788359,0.09141494765801633,,,,,,,,
german,statlog,rf,1,700,300,0.7,2.08,0.76,0.803968253968254,0.06100322332606836,,,,,,,,
german,statlog,rf,2,700,300,0.7,2.13,0.76,0.7733333333333334,0.05399738408972223,,,,,,,,
german,statlog,rf,3,700,300,0.7,2.25,0.7566666666666667,0.8212698412698411,0.08180931970354252,,,,,,,,
german,statlog,rf,4,700,300,0.7,1.94,0.74,0.8088359788359788,0.051717020806883805,,,,,,,,
