variant,model,seed,same_target_as_baseline,churn_vs_baseline,d_common_acc,d_common_auc,d_common_ece,d_common_pred_pos_rate,d_common_sex_tpr_gap
cleveland_drop_any,logreg,0,True,0.03333333333333333,-0.011111111111111183,0.001984126984126977,0.026483586390594532,-0.03333333333333338,0.19999999999999996
cleveland_drop_any,logreg,1,True,0.044444444444444446,0.022222222222222254,-0.007936507936507908,0.015110667484720564,-0.0222222222222222,0.0
cleveland_drop_any,logreg,2,True,0.044444444444444446,0.0,-0.012896825396825351,0.0012230612822812792,-0.04444444444444445,0.06874999999999998
cleveland_drop_any,logreg,3,True,0.044444444444444446,-0.0444444444444444,-0.007440476190476275,-0.013955359974032522,0.022222222222222254,0.09999999999999998
cleveland_drop_any,logreg,4,True,0.044444444444444446,0.0444444444444444,0.001984126984126977,-0.027090471505178876,-0.0222222222222222,0.03125
cleveland_drop_any,logreg,5,True,0.05555555555555555,-0.033333333333333326,-0.013392857142857206,-0.0008913892448405708,-0.05555555555555558,0.006249999999999978
cleveland_drop_any,logreg,6,True,0.03333333333333333,0.011111111111111072,0.00694444444444442,-0.015376194548168173,0.033333333333333326,-0.06874999999999998
cleveland_drop_any,logreg,7,True,0.011111111111111112,-0.011111111111111183,0.008432539682539764,-0.030193983353344375,0.011111111111111072,0.0
cleveland_drop_any,logreg,8,True,0.022222222222222223,0.022222222222222254,0.0064484126984126755,-0.014585409101472262,-0.022222222222222254,0.0
cleveland_drop_any,logreg,9,True,0.022222222222222223,0.0,-0.0064484126984127865,0.00816367890486884,-0.022222222222222254,-0.03125
cleveland_drop_any,rf,0,True,0.07777777777777778,-0.033333333333333326,-0.0004960317460316332,0.018874404988368995,-0.055555555555555525,0.006249999999999978
cleveland_drop_any,rf,1,True,0.022222222222222223,-0.022222222222222143,-0.014384920634920584,-0.030420222946934736,0.0,0.09999999999999998
cleveland_drop_any,rf,2,True,0.06666666666666667,-0.022222222222222254,-0.005456349206349187,0.03324728332561694,-0.04444444444444445,0.16874999999999996
cleveland_drop_any,rf,3,True,0.1,-0.05555555555555558,-0.0064484126984127865,0.020352854754280253,0.055555555555555525,0.13124999999999998
cleveland_drop_any,rf,4,True,0.044444444444444446,0.022222222222222143,-0.001984126984126977,-0.017453041403812916,0.0,0.03125
cleveland_drop_any,rf,5,True,0.011111111111111112,-0.011111111111111072,-0.014880952380952217,0.020444752682231088,-0.011111111111111072,0.09999999999999998
cleveland_drop_any,rf,6,True,0.022222222222222223,0.0,-0.005456349206349187,-0.024976942632077948,0.022222222222222254,-0.09999999999999998
cleveland_drop_any,rf,7,True,0.022222222222222223,0.022222222222222143,0.028273809523809534,0.02210196763617389,0.0,-0.09999999999999998
cleveland_drop_any,rf,8,True,0.022222222222222223,0.0,0.001984126984126977,-0.02049134822212699,0.0222222222222222,-0.09999999999999998
cleveland_drop_any,rf,9,True,0.06666666666666667,-0.06666666666666665,-0.009920634920634885,0.009184224065799884,0.0,0.16874999999999996
cleveland_drop_any,hgb,0,True,0.12222222222222222,-0.05555555555555558,0.009424603174603141,-0.0023454558718528085,-0.033333333333333326,-0.125
cleveland_drop_any,hgb,1,True,0.12222222222222222,-0.05555555555555558,-0.017857142857142794,0.04234091487380408,0.033333333333333326,-0.03125
cleveland_drop_any,hgb,2,True,0.08888888888888889,0.022222222222222254,0.012400793650793607,-0.021386996120571877,-0.08888888888888885,0.03749999999999998
cleveland_drop_any,hgb,3,True,0.1111111111111111,-0.022222222222222254,0.00694444444444442,0.00772335201099314,0.0,0.23124999999999996
cleveland_drop_any,hgb,4,True,0.08888888888888889,0.0,0.009424603174603363,0.03107255241505845,0.0,0.13124999999999998
cleveland_drop_any,hgb,5,True,0.1,-0.033333333333333326,-0.02331349206349209,-0.006083429163917298,0.055555555555555525,0.03125
cleveland_drop_any,hgb,6,True,0.03333333333333333,0.011111111111111072,0.008432539682539764,0.007182647931073677,0.011111111111111072,-0.09999999999999998
cleveland_drop_any,hgb,7,True,0.07777777777777778,0.033333333333333326,0.0009920634920635996,-0.040286929366899565,-0.033333333333333326,-0.13124999999999998
cleveland_drop_any,hgb,8,True,0.06666666666666667,0.0,-0.018849206349206393,0.006415217324520134,0.04444444444444445,-0.19999999999999996
cleveland_drop_any,hgb,9,True,0.08888888888888889,0.022222222222222143,0.01636904761904756,-0.023881958016344407,-0.022222222222222254,0.0
multi_site_impute_any,logreg,0,True,0.06666666666666667,-0.022222222222222254,-0.03621031746031733,0.027010020241276828,-0.022222222222222254,0.06874999999999998
multi_site_impute_any,logreg,1,True,0.044444444444444446,0.0,-0.011408730158730118,0.0031227019509885434,0.0,0.0
multi_site_impute_any,logreg,2,True,0.044444444444444446,0.0,-0.01041666666666663,0.0007548500066775904,-0.0222222222222222,-0.03125
multi_site_impute_any,logreg,3,True,0.06666666666666667,-0.0444444444444444,-0.009920634920634996,5.94995205989296e-05,0.06666666666666671,0.03125
multi_site_impute_any,logreg,4,True,0.044444444444444446,0.0,-0.005456349206349076,-0.01886852606657205,0.0,0.0
multi_site_impute_any,logreg,5,True,0.044444444444444446,-0.022222222222222143,0.0,0.00638805118981195,-0.04444444444444445,0.03749999999999998
multi_site_impute_any,logreg,6,True,0.05555555555555555,-0.011111111111111183,-0.013392857142857206,0.012407534519354793,-0.011111111111111127,-0.03125
multi_site_impute_any,logreg,7,True,0.044444444444444446,-0.022222222222222254,-0.01984126984126977,-0.04809344394747605,0.0222222222222222,-0.13124999999999998
multi_site_impute_any,logreg,8,True,0.044444444444444446,0.0,-0.028273809523809534,0.023432702751884277,0.0,0.13124999999999998
multi_site_impute_any,logreg,9,True,0.03333333333333333,-0.011111111111111183,-0.007440476190476275,0.011095659786076295,-0.03333333333333338,0.06874999999999998
multi_site_impute_any,rf,0,True,0.044444444444444446,-0.022222222222222254,-0.013392857142856984,0.022437097004010156,0.022222222222222254,-0.13124999999999998
multi_site_impute_any,rf,1,True,0.022222222222222223,-0.022222222222222143,-0.010912698412698485,-0.0032293098645726215,0.022222222222222254,0.0
multi_site_impute_any,rf,2,True,0.044444444444444446,0.0,-0.015376984126984183,0.018821694957295534,0.0,0.0
multi_site_impute_any,rf,3,True,0.06666666666666667,-0.04444444444444451,-0.0044642857142858094,-0.007645397256597963,0.0444444444444444,0.13124999999999998
multi_site_impute_any,rf,4,True,0.044444444444444446,-0.022222222222222254,-0.007440476190476275,0.014013642514241406,0.0,-0.03125
multi_site_impute_any,rf,5,True,0.022222222222222223,-0.022222222222222254,-0.009424603174603141,0.03620643754881128,0.022222222222222254,0.0
multi_site_impute_any,rf,6,True,0.03333333333333333,-0.011111111111111072,-0.019841269841269882,-0.013420098607132211,0.011111111111111127,0.0
multi_site_impute_any,rf,7,True,0.03333333333333333,-0.033333333333333326,-0.012896825396825351,0.0221535577206253,0.011111111111111072,-0.03125
multi_site_impute_any,rf,8,True,0.022222222222222223,-0.022222222222222254,-0.015376984126984183,-0.03925610019869033,0.0222222222222222,0.0
multi_site_impute_any,rf,9,True,0.05555555555555555,-0.011111111111111183,-0.008928571428571397,0.011447866475809296,-0.033333333333333326,0.06874999999999998
multi_site_impute_any,hgb,0,True,0.12222222222222222,-0.05555555555555558,-0.05059523809523814,0.0782995138583766,-0.011111111111111127,-0.09375
multi_site_impute_any,hgb,1,True,0.12222222222222222,-0.033333333333333326,-0.02430555555555547,0.03365817883337585,0.12222222222222218,-0.13749999999999996
multi_site_impute_any,hgb,2,True,0.07777777777777778,-0.011111111111111072,-0.00793650793650802,0.008179633222262866,-0.011111111111111072,-0.03125
multi_site_impute_any,hgb,3,True,0.12222222222222222,-0.011111111111111183,0.009920634920634885,0.060337618633158424,0.033333333333333326,0.16249999999999998
multi_site_impute_any,hgb,4,True,0.05555555555555555,-0.011111111111111072,-0.029265873015872912,0.05128767991541172,0.033333333333333326,0.16249999999999998
multi_site_impute_any,hgb,5,True,0.06666666666666667,-0.0444444444444444,-0.022817460317460236,0.029033875421770758,0.04444444444444445,0.0
multi_site_impute_any,hgb,6,True,0.07777777777777778,-0.033333333333333326,-0.02777777777777768,0.03369606037123639,-0.03333333333333338,0.16874999999999996
multi_site_impute_any,hgb,7,True,0.12222222222222222,-0.011111111111111183,-0.03323412698412709,0.02027226051627179,0.033333333333333326,-0.09999999999999998
multi_site_impute_any,hgb,8,True,0.13333333333333333,-0.022222222222222254,-0.029265873015873023,0.05335221381675519,0.0888888888888889,-0.03749999999999998
multi_site_impute_any,hgb,9,True,0.13333333333333333,0.022222222222222143,0.02331349206349209,-0.02054995991103553,0.0,0.03125
multi_site_drop_any,logreg,0,True,0.044444444444444446,-0.022222222222222254,-0.005456349206349187,0.021384855094445474,-0.04444444444444445,0.16874999999999996
multi_site_drop_any,logreg,1,True,0.06666666666666667,0.022222222222222254,-0.009424603174603141,0.019054955582137822,-0.0222222222222222,0.0
multi_site_drop_any,logreg,2,True,0.03333333333333333,-0.033333333333333326,-0.010416666666666519,0.02281784887461466,-0.011111111111111127,0.06874999999999998
multi_site_drop_any,logreg,3,True,0.044444444444444446,-0.0444444444444444,-0.009424603174603252,0.0076155794751467665,0.022222222222222254,0.09999999999999998
multi_site_drop_any,logreg,4,True,0.03333333333333333,0.033333333333333326,0.004960317460317443,-0.054997371894767645,-0.011111111111111127,0.03125
multi_site_drop_any,logreg,5,True,0.044444444444444446,-0.022222222222222143,-0.012896825396825462,-0.01668227670542606,-0.04444444444444445,0.03749999999999998
multi_site_drop_any,logreg,6,True,0.022222222222222223,0.0,0.00942460317460303,0.040839249617388676,0.022222222222222254,-0.09999999999999998
multi_site_drop_any,logreg,7,True,0.022222222222222223,-0.022222222222222254,0.008928571428571397,-0.035978452396359106,0.0222222222222222,0.0
multi_site_drop_any,logreg,8,True,0.022222222222222223,0.0,-0.001984126984126977,0.01385984413003613,-0.022222222222222254,-0.03125
multi_site_drop_any,logreg,9,True,0.03333333333333333,0.011111111111111072,-0.0024801587301588324,0.00920951998024784,-0.03333333333333338,-0.03125
multi_site_drop_any,rf,0,True,0.044444444444444446,-0.022222222222222254,0.0004960317460318553,0.030679834404086906,-0.0222222222222222,-0.0625
multi_site_drop_any,rf,1,True,0.022222222222222223,-0.022222222222222143,-0.01636904761904756,-0.005397756904625531,-0.0222222222222222,0.19999999999999996
multi_site_drop_any,rf,2,True,0.05555555555555555,-0.011111111111111183,-0.011408730158730118,-0.00566717955510361,-0.033333333333333326,0.19999999999999996
multi_site_drop_any,rf,3,True,0.05555555555555555,-0.05555555555555558,-0.001984126984126977,0.001996768862809792,0.011111111111111072,0.06874999999999998
multi_site_drop_any,rf,4,True,0.022222222222222223,-0.022222222222222254,-0.004960317460317665,0.025115357915324085,0.0222222222222222,0.0
multi_site_drop_any,rf,5,True,0.011111111111111112,-0.011111111111111072,-0.022817460317460347,0.012175726107251567,0.011111111111111127,0.0
multi_site_drop_any,rf,6,True,0.044444444444444446,0.0,-0.004960317460317443,-0.032913190214382465,0.022222222222222254,-0.09999999999999998
multi_site_drop_any,rf,7,True,0.05555555555555555,-0.011111111111111183,0.00694444444444442,0.042387894299206655,0.033333333333333326,-0.09999999999999998
multi_site_drop_any,rf,8,True,0.044444444444444446,0.0,-0.0064484126984126755,-0.003061704758689471,0.04444444444444445,-0.19999999999999996
multi_site_drop_any,rf,9,True,0.03333333333333333,-0.033333333333333326,-0.0014880952380952328,0.005367762097790871,-0.011111111111111072,0.06874999999999998
multi_site_drop_any,hgb,0,True,0.14444444444444443,-0.07777777777777772,-0.007440476190476275,0.016188610980743645,-0.033333333333333326,-0.025000000000000022
multi_site_drop_any,hgb,1,True,0.12222222222222222,-0.033333333333333326,-0.015873015873015817,0.02262176732401988,0.07777777777777778,0.0625
multi_site_drop_any,hgb,2,True,0.044444444444444446,0.022222222222222254,0.005952380952380931,-0.017032332741336975,-0.0222222222222222,0.13124999999999998
multi_site_drop_any,hgb,3,True,0.1111111111111111,0.0,0.01041666666666663,0.02464442794413864,-0.022222222222222254,0.23124999999999996
multi_site_drop_any,hgb,4,True,0.13333333333333333,0.0,0.007440476190476386,0.012119300157161922,-0.022222222222222254,0.23124999999999996
multi_site_drop_any,hgb,5,True,0.1111111111111111,-0.06666666666666665,-0.0357142857142857,0.008233584066677943,0.04444444444444445,0.09999999999999998
multi_site_drop_any,hgb,6,True,0.044444444444444446,-0.022222222222222254,0.016865079365079416,0.031933588349100706,0.0,-0.16249999999999998
multi_site_drop_any,hgb,7,True,0.05555555555555555,-0.011111111111111183,-0.0024801587301587213,-0.01947180504434183,-0.011111111111111127,-0.03125
multi_site_drop_any,hgb,8,True,0.13333333333333333,-0.022222222222222254,-0.03224206349206338,0.015029234743100209,0.06666666666666671,-0.33124999999999993
multi_site_drop_any,hgb,9,True,0.07777777777777778,0.011111111111111072,0.025793650793650813,0.027184280528175786,-0.03333333333333338,-0.03125
cleveland_impute_severe,logreg,0,False,0.18888888888888888,,,,-0.18888888888888894,
cleveland_impute_severe,logreg,1,False,0.2,,,,-0.2,
cleveland_impute_severe,logreg,2,False,0.16666666666666666,,,,-0.16666666666666669,
cleveland_impute_severe,logreg,3,False,0.12222222222222222,,,,-0.12222222222222223,
cleveland_impute_severe,logreg,4,False,0.2,,,,-0.17777777777777776,
cleveland_impute_severe,logreg,5,False,0.2222222222222222,,,,-0.2222222222222222,
cleveland_impute_severe,logreg,6,False,0.18888888888888888,,,,-0.18888888888888888,
cleveland_impute_severe,logreg,7,False,0.2,,,,-0.15555555555555556,
cleveland_impute_severe,logreg,8,False,0.2222222222222222,,,,-0.22222222222222227,
cleveland_impute_severe,logreg,9,False,0.18888888888888888,,,,-0.18888888888888894,
cleveland_impute_severe,rf,0,False,0.17777777777777778,,,,-0.17777777777777776,
cleveland_impute_severe,rf,1,False,0.2111111111111111,,,,-0.2111111111111111,
cleveland_impute_severe,rf,2,False,0.17777777777777778,,,,-0.17777777777777776,
cleveland_impute_severe,rf,3,False,0.14444444444444443,,,,-0.1444444444444445,
cleveland_impute_severe,rf,4,False,0.2,,,,-0.2,
cleveland_impute_severe,rf,5,False,0.18888888888888888,,,,-0.18888888888888888,
cleveland_impute_severe,rf,6,False,0.2,,,,-0.19999999999999998,
cleveland_impute_severe,rf,7,False,0.2111111111111111,,,,-0.21111111111111114,
cleveland_impute_severe,rf,8,False,0.17777777777777778,,,,-0.1777777777777778,
cleveland_impute_severe,rf,9,False,0.2,,,,-0.19999999999999998,
cleveland_impute_severe,hgb,0,False,0.2,,,,-0.2,
cleveland_impute_severe,hgb,1,False,0.18888888888888888,,,,-0.18888888888888888,
cleveland_impute_severe,hgb,2,False,0.2222222222222222,,,,-0.2222222222222222,
cleveland_impute_severe,hgb,3,False,0.18888888888888888,,,,-0.1444444444444445,
cleveland_impute_severe,hgb,4,False,0.23333333333333334,,,,-0.23333333333333334,
cleveland_impute_severe,hgb,5,False,0.17777777777777778,,,,-0.1777777777777778,
cleveland_impute_severe,hgb,6,False,0.3,,,,-0.30000000000000004,
cleveland_impute_severe,hgb,7,False,0.2111111111111111,,,,-0.18888888888888888,
cleveland_impute_severe,hgb,8,False,0.15555555555555556,,,,-0.15555555555555556,
cleveland_impute_severe,hgb,9,False,0.17777777777777778,,,,-0.1777777777777778,
