variant,model,seed,site_policy,missing_policy,label_policy,target_col,n_train,n_own_test,n_common_eval,train_pos_rate,common_label_pos_rate,fit_seconds,own_acc,own_auc,own_ece,own_pred_pos_rate,common_acc,common_auc,common_ece,common_pred_pos_rate,common_sex_dp_diff,common_sex_tpr_gap,smoke
cleveland_impute_any,logreg,0,cleveland_only,median_mode_impute,num_gt_0,target_any,159,54,90,0.4528301886792453,0.4666666666666667,0.0166,0.8703703703703703,0.936551724137931,0.16167349146100798,0.4074074074074074,0.8333333333333334,0.9241071428571428,0.07062107597455441,0.4777777777777778,0.5480519480519481,0.4375,False
cleveland_impute_any,logreg,1,cleveland_only,median_mode_impute,num_gt_0,target_any,159,54,90,0.4528301886792453,0.4666666666666667,0.0139,0.8148148148148148,0.9048275862068965,0.1320856229998486,0.5370370370370371,0.8222222222222222,0.9216269841269841,0.07107216877529055,0.4888888888888889,0.5662337662337662,0.4375,False
cleveland_impute_any,logreg,2,cleveland_only,median_mode_impute,num_gt_0,target_any,159,54,90,0.4528301886792453,0.4666666666666667,0.0158,0.9259259259259259,0.9365517241379311,0.09969982496324664,0.42592592592592593,0.8333333333333334,0.9250992063492063,0.06599098000009054,0.45555555555555555,0.5584415584415584,0.5375,False
cleveland_impute_any,logreg,3,cleveland_only,median_mode_impute,num_gt_0,target_any,159,54,90,0.4528301886792453,0.4666666666666667,0.0141,0.8333333333333334,0.9282758620689654,0.12561869202971684,0.4444444444444444,0.8777777777777778,0.9246031746031746,0.08788461980404663,0.4111111111111111,0.43896103896103894,0.40625,False
cleveland_impute_any,logreg,4,cleveland_only,median_mode_impute,num_gt_0,target_any,159,54,90,0.4528301886792453,0.4666666666666667,0.0144,0.8518518518518519,0.8937931034482758,0.0838971002486418,0.46296296296296297,0.8111111111111111,0.9161706349206349,0.10736174273083902,0.45555555555555555,0.5584415584415584,0.50625,False
cleveland_impute_any,logreg,5,cleveland_only,median_mode_impute,num_gt_0,target_any,159,54,90,0.4528301886792453,0.4666666666666667,0.0136,0.8333333333333334,0.8896551724137931,0.1540062964683925,0.5185185185185185,0.8555555555555555,0.9290674603174603,0.08178654364727674,0.5,0.5844155844155845,0.5,False
cleveland_impute_any,logreg,6,cleveland_only,median_mode_impute,num_gt_0,target_any,159,54,90,0.4528301886792453,0.4666666666666667,0.0137,0.7777777777777778,0.856551724137931,0.1638834836679183,0.46296296296296297,0.8333333333333334,0.9275793650793651,0.05664131215359543,0.45555555555555555,0.5584415584415584,0.5375,False
cleveland_impute_any,logreg,7,cleveland_only,median_mode_impute,num_gt_0,target_any,159,54,90,0.4528301886792453,0.4666666666666667,0.0142,0.7962962962962963,0.8772413793103448,0.15133308044235586,0.4444444444444444,0.8333333333333334,0.9171626984126984,0.1064831251222525,0.43333333333333335,0.5688311688311688,0.6375,False
cleveland_impute_any,logreg,8,cleveland_only,median_mode_impute,num_gt_0,target_any,159,54,90,0.4528301886792453,0.4666666666666667,0.0142,0.8518518518518519,0.9282758620689655,0.10215256282473521,0.42592592592592593,0.8111111111111111,0.9136904761904762,0.07317982065596969,0.4777777777777778,0.5480519480519481,0.40625,False
cleveland_impute_any,logreg,9,cleveland_only,median_mode_impute,num_gt_0,target_any,159,54,90,0.4528301886792453,0.4666666666666667,0.0144,0.9074074074074074,0.9462068965517241,0.08573404877356493,0.4444444444444444,0.8333333333333334,0.9236111111111112,0.0693251492918559,0.4777777777777778,0.5480519480519481,0.4375,False
cleveland_impute_any,rf,0,cleveland_only,median_mode_impute,num_gt_0,target_any,159,54,90,0.4528301886792453,0.4666666666666667,0.4869,0.8333333333333334,0.9048275862068965,0.07652766323866096,0.4444444444444444,0.8444444444444444,0.9409722222222221,0.11823480690185297,0.4444444444444444,0.5402597402597402,0.5375,False
cleveland_impute_any,rf,1,cleveland_only,median_mode_impute,num_gt_0,target_any,159,54,90,0.4528301886792453,0.4666666666666667,0.4705,0.8333333333333334,0.8965517241379309,0.13066058686303594,0.4074074074074074,0.8555555555555555,0.9419642857142857,0.1147353340749817,0.45555555555555555,0.5116883116883117,0.4375,False
cleveland_impute_any,rf,2,cleveland_only,median_mode_impute,num_gt_0,target_any,159,54,90,0.4528301886792453,0.4666666666666667,0.4644,0.8888888888888888,0.9558620689655173,0.1500721029237981,0.42592592592592593,0.8333333333333334,0.9469246031746031,0.10335969929033745,0.45555555555555555,0.5116883116883117,0.40625,False
cleveland_impute_any,rf,3,cleveland_only,median_mode_impute,num_gt_0,target_any,159,54,90,0.4528301886792453,0.4666666666666667,0.4575,0.8148148148148148,0.9172413793103449,0.1779458034980862,0.46296296296296297,0.8666666666666667,0.933531746031746,0.11236133553434033,0.4,0.42077922077922075,0.375,False
cleveland_impute_any,rf,4,cleveland_only,median_mode_impute,num_gt_0,target_any,159,54,90,0.4528301886792453,0.4666666666666667,0.454,0.8333333333333334,0.9062068965517242,0.10700930103637868,0.4444444444444444,0.8333333333333334,0.9379960317460319,0.10930642013414903,0.43333333333333335,0.522077922077922,0.50625,False
cleveland_impute_any,rf,5,cleveland_only,median_mode_impute,num_gt_0,target_any,159,54,90,0.4528301886792453,0.4666666666666667,0.455,0.7592592592592593,0.8703448275862069,0.10529178630874333,0.48148148148148145,0.8444444444444444,0.954861111111111,0.11246766572139127,0.4444444444444444,0.4935064935064935,0.40625,False
cleveland_impute_any,rf,6,cleveland_only,median_mode_impute,num_gt_0,target_any,159,54,90,0.4528301886792453,0.4666666666666667,0.4571,0.7962962962962963,0.8910344827586206,0.145113409764334,0.48148148148148145,0.8444444444444444,0.9523809523809524,0.12689000237319573,0.4444444444444444,0.5402597402597402,0.5375,False
cleveland_impute_any,rf,7,cleveland_only,median_mode_impute,num_gt_0,target_any,159,54,90,0.4528301886792453,0.4666666666666667,0.4667,0.7777777777777778,0.896551724137931,0.1146903292061967,0.35185185185185186,0.8333333333333334,0.9241071428571428,0.0795847649436017,0.43333333333333335,0.5688311688311688,0.6375,False
cleveland_impute_any,rf,8,cleveland_only,median_mode_impute,num_gt_0,target_any,159,54,90,0.4528301886792453,0.4666666666666667,0.4567,0.8148148148148148,0.8910344827586207,0.09851196923138839,0.35185185185185186,0.8333333333333334,0.935515873015873,0.14199076881759562,0.43333333333333335,0.522077922077922,0.50625,False
cleveland_impute_any,rf,9,cleveland_only,median_mode_impute,num_gt_0,target_any,159,54,90,0.4528301886792453,0.4666666666666667,0.4548,0.8703703703703703,0.9475862068965517,0.16360548172758482,0.4444444444444444,0.8666666666666667,0.9424603174603174,0.11204427661474273,0.4444444444444444,0.4935064935064935,0.4375,False
cleveland_impute_any,hgb,0,cleveland_only,median_mode_impute,num_gt_0,target_any,159,54,90,0.4528301886792453,0.4666666666666667,0.0661,0.7592592592592593,0.8703448275862068,0.1547211770155382,0.4444444444444444,0.8777777777777778,0.9270833333333334,0.08069758714465135,0.5,0.5376623376623377,0.4,False
cleveland_impute_any,hgb,1,cleveland_only,median_mode_impute,num_gt_0,target_any,159,54,90,0.4528301886792453,0.4666666666666667,0.0646,0.7592592592592593,0.8372413793103448,0.11407041565955264,0.4444444444444444,0.8666666666666667,0.9196428571428571,0.07730379423672526,0.4222222222222222,0.45714285714285713,0.40625,False
cleveland_impute_any,hgb,2,cleveland_only,median_mode_impute,num_gt_0,target_any,159,54,90,0.4528301886792453,0.4666666666666667,0.0671,0.8888888888888888,0.9213793103448277,0.11043072888843912,0.3888888888888889,0.8222222222222222,0.9166666666666666,0.09891120903413247,0.4888888888888889,0.5194805194805194,0.4375,False
cleveland_impute_any,hgb,3,cleveland_only,median_mode_impute,num_gt_0,target_any,159,54,90,0.4528301886792453,0.4666666666666667,0.0688,0.7962962962962963,0.8703448275862069,0.13077225865675093,0.4444444444444444,0.8333333333333334,0.8943452380952381,0.07134628845920657,0.43333333333333335,0.42857142857142855,0.375,False
cleveland_impute_any,hgb,4,cleveland_only,median_mode_impute,num_gt_0,target_any,159,54,90,0.4528301886792453,0.4666666666666667,0.0689,0.8148148148148148,0.8772413793103448,0.12399013273567712,0.42592592592592593,0.8222222222222222,0.9131944444444443,0.07885509534323809,0.4666666666666667,0.4831168831168831,0.40625,False
cleveland_impute_any,hgb,5,cleveland_only,median_mode_impute,num_gt_0,target_any,159,54,90,0.4528301886792453,0.4666666666666667,0.0659,0.7407407407407407,0.8593103448275863,0.16482882167152044,0.5,0.8777777777777778,0.9464285714285714,0.07272532277186765,0.43333333333333335,0.42857142857142855,0.30625,False
cleveland_impute_any,hgb,6,cleveland_only,median_mode_impute,num_gt_0,target_any,159,54,90,0.4528301886792453,0.4666666666666667,0.0642,0.7777777777777778,0.8303448275862069,0.18539055638702714,0.42592592592592593,0.8333333333333334,0.9231150793650793,0.08918447238400574,0.5222222222222223,0.5272727272727273,0.36875,False
cleveland_impute_any,hgb,7,cleveland_only,median_mode_impute,num_gt_0,target_any,159,54,90,0.4528301886792453,0.4666666666666667,0.0658,0.7037037037037037,0.8165517241379311,0.16373240191036625,0.42592592592592593,0.8,0.9077380952380952,0.13456168798410414,0.4666666666666667,0.6233766233766234,0.6375,False
cleveland_impute_any,hgb,8,cleveland_only,median_mode_impute,num_gt_0,target_any,159,54,90,0.4528301886792453,0.4666666666666667,0.0663,0.7962962962962963,0.8593103448275862,0.11861475062315643,0.37037037037037035,0.8333333333333334,0.9221230158730158,0.07887969018268783,0.4111111111111111,0.4857142857142857,0.475,False
cleveland_impute_any,hgb,9,cleveland_only,median_mode_impute,num_gt_0,target_any,159,54,90,0.4528301886792453,0.4666666666666667,0.0656,0.8148148148148148,0.8993103448275862,0.1058864700708915,0.5,0.8333333333333334,0.9032738095238095,0.0887631084062449,0.4777777777777778,0.5012987012987014,0.30625,False
cleveland_drop_any,logreg,0,cleveland_only,drop_any_missing,num_gt_0,target_any,155,52,90,0.45806451612903226,0.4666666666666667,0.0149,0.9038461538461539,0.9300595238095238,0.12465298179989918,0.40384615384615385,0.8222222222222222,0.9260912698412698,0.09710466236514895,0.4444444444444444,0.587012987012987,0.6375,False
cleveland_drop_any,logreg,1,cleveland_only,drop_any_missing,num_gt_0,target_any,155,52,90,0.45806451612903226,0.4666666666666667,0.0143,0.8846153846153846,0.8958333333333334,0.11167563455888063,0.46153846153846156,0.8444444444444444,0.9136904761904762,0.08618283626001111,0.4666666666666667,0.5298701298701298,0.4375,False
cleveland_drop_any,logreg,2,cleveland_only,drop_any_missing,num_gt_0,target_any,155,52,90,0.45806451612903226,0.4666666666666667,0.0143,0.8461538461538461,0.8928571428571428,0.09632252993394834,0.4230769230769231,0.8333333333333334,0.9122023809523809,0.06721404128237182,0.4111111111111111,0.5324675324675324,0.60625,False
cleveland_drop_any,logreg,3,cleveland_only,drop_any_missing,num_gt_0,target_any,155,52,90,0.45806451612903226,0.4666666666666667,0.0141,0.8846153846153846,0.925595238095238,0.07071641798459845,0.4230769230769231,0.8333333333333334,0.9171626984126984,0.07392925983001411,0.43333333333333335,0.522077922077922,0.50625,False
cleveland_drop_any,logreg,4,cleveland_only,drop_any_missing,num_gt_0,target_any,155,52,90,0.45806451612903226,0.4666666666666667,0.0145,0.8846153846153846,0.912202380952381,0.09895618215065063,0.4230769230769231,0.8555555555555555,0.9181547619047619,0.08027127122566015,0.43333333333333335,0.522077922077922,0.5375,False
cleveland_drop_any,logreg,5,cleveland_only,drop_any_missing,num_gt_0,target_any,155,52,90,0.45806451612903226,0.4666666666666667,0.0141,0.8076923076923077,0.9151785714285714,0.0948614682773602,0.38461538461538464,0.8222222222222222,0.9156746031746031,0.08089515440243616,0.4444444444444444,0.5402597402597402,0.50625,False
cleveland_drop_any,logreg,6,cleveland_only,drop_any_missing,num_gt_0,target_any,155,52,90,0.45806451612903226,0.4666666666666667,0.014,0.7692307692307693,0.8392857142857143,0.14810667064515937,0.5,0.8444444444444444,0.9345238095238095,0.041265117605427254,0.4888888888888889,0.5662337662337662,0.46875,False
cleveland_drop_any,logreg,7,cleveland_only,drop_any_missing,num_gt_0,target_any,155,52,90,0.45806451612903226,0.4666666666666667,0.0139,0.8076923076923077,0.8735119047619048,0.09572535415761176,0.3076923076923077,0.8222222222222222,0.9255952380952381,0.07628914176890812,0.4444444444444444,0.587012987012987,0.6375,False
cleveland_drop_any,logreg,8,cleveland_only,drop_any_missing,num_gt_0,target_any,155,52,90,0.45806451612903226,0.4666666666666667,0.0146,0.75,0.8794642857142858,0.13124344913572503,0.5192307692307693,0.8333333333333334,0.9201388888888888,0.058594411554497426,0.45555555555555555,0.5116883116883117,0.40625,False
cleveland_drop_any,logreg,9,cleveland_only,drop_any_missing,num_gt_0,target_any,155,52,90,0.45806451612903226,0.4666666666666667,0.014,0.9807692307692307,1.0,0.16366642318507332,0.4423076923076923,0.8333333333333334,0.9171626984126984,0.07748882819672474,0.45555555555555555,0.5116883116883117,0.40625,False
cleveland_drop_any,rf,0,cleveland_only,drop_any_missing,num_gt_0,target_any,155,52,90,0.45806451612903226,0.4666666666666667,0.4457,0.8461538461538461,0.9047619047619048,0.10305585754480477,0.34615384615384615,0.8111111111111111,0.9404761904761905,0.13710921189022196,0.3888888888888889,0.49610389610389605,0.54375,False
cleveland_drop_any,rf,1,cleveland_only,drop_any_missing,num_gt_0,target_any,155,52,90,0.45806451612903226,0.4666666666666667,0.4543,0.8076923076923077,0.9017857142857143,0.1606656002856679,0.46153846153846156,0.8333333333333334,0.9275793650793651,0.08431511112804696,0.45555555555555555,0.5584415584415584,0.5375,False
cleveland_drop_any,rf,2,cleveland_only,drop_any_missing,num_gt_0,target_any,155,52,90,0.45806451612903226,0.4666666666666667,0.4557,0.8076923076923077,0.8809523809523808,0.13427112578413247,0.38461538461538464,0.8111111111111111,0.941468253968254,0.1366069826159544,0.4111111111111111,0.5324675324675324,0.575,False
cleveland_drop_any,rf,3,cleveland_only,drop_any_missing,num_gt_0,target_any,155,52,90,0.45806451612903226,0.4666666666666667,0.4549,0.8269230769230769,0.9226190476190476,0.11832517132092338,0.4423076923076923,0.8111111111111111,0.9270833333333333,0.13271419028862058,0.45555555555555555,0.5584415584415584,0.50625,False
cleveland_drop_any,rf,4,cleveland_only,drop_any_missing,num_gt_0,target_any,155,52,90,0.45806451612903226,0.4666666666666667,0.4593,0.8269230769230769,0.8988095238095237,0.09711641053100396,0.4423076923076923,0.8555555555555555,0.9360119047619049,0.09185337873033611,0.43333333333333335,0.522077922077922,0.5375,False
cleveland_drop_any,rf,5,cleveland_only,drop_any_missing,num_gt_0,target_any,155,52,90,0.45806451612903226,0.4666666666666667,0.442,0.7884615384615384,0.8779761904761905,0.1004860789147194,0.40384615384615385,0.8333333333333334,0.9399801587301588,0.13291241840362236,0.43333333333333335,0.522077922077922,0.50625,False
cleveland_drop_any,rf,6,cleveland_only,drop_any_missing,num_gt_0,target_any,155,52,90,0.45806451612903226,0.4666666666666667,0.4492,0.75,0.84375,0.1581522267182015,0.5192307692307693,0.8444444444444444,0.9469246031746033,0.10191305974111778,0.4666666666666667,0.5298701298701298,0.4375,False
cleveland_drop_any,rf,7,cleveland_only,drop_any_missing,num_gt_0,target_any,155,52,90,0.45806451612903226,0.4666666666666667,0.4578,0.7884615384615384,0.8854166666666667,0.09662393191491656,0.28846153846153844,0.8555555555555555,0.9523809523809523,0.10168673257977559,0.43333333333333335,0.522077922077922,0.5375,False
cleveland_drop_any,rf,8,cleveland_only,drop_any_missing,num_gt_0,target_any,155,52,90,0.45806451612903226,0.4666666666666667,0.4644,0.7884615384615384,0.8779761904761905,0.10035116715919533,0.40384615384615385,0.8333333333333334,0.9375,0.12149942059546863,0.45555555555555555,0.5116883116883117,0.40625,False
cleveland_drop_any,rf,9,cleveland_only,drop_any_missing,num_gt_0,target_any,155,52,90,0.45806451612903226,0.4666666666666667,0.4534,0.9038461538461539,0.9836309523809524,0.18129707688426286,0.36538461538461536,0.8,0.9325396825396826,0.12122850068054261,0.4444444444444444,0.587012987012987,0.60625,False
cleveland_drop_any,hgb,0,cleveland_only,drop_any_missing,num_gt_0,target_any,155,52,90,0.45806451612903226,0.4666666666666667,0.0672,0.8461538461538461,0.8556547619047619,0.18146959182614644,0.38461538461538464,0.8222222222222222,0.9365079365079365,0.07835213127279854,0.4666666666666667,0.43636363636363634,0.275,False
cleveland_drop_any,hgb,1,cleveland_only,drop_any_missing,num_gt_0,target_any,155,52,90,0.45806451612903226,0.4666666666666667,0.0641,0.75,0.8482142857142858,0.14396637241765664,0.5576923076923077,0.8111111111111111,0.9017857142857143,0.11964470911052934,0.45555555555555555,0.5116883116883117,0.375,False
cleveland_drop_any,hgb,2,cleveland_only,drop_any_missing,num_gt_0,target_any,155,52,90,0.45806451612903226,0.4666666666666667,0.0665,0.8076923076923077,0.8392857142857143,0.17198932985859067,0.38461538461538464,0.8444444444444444,0.9290674603174602,0.0775242129135606,0.4,0.4675324675324675,0.475,False
cleveland_drop_any,hgb,3,cleveland_only,drop_any_missing,num_gt_0,target_any,155,52,90,0.45806451612903226,0.4666666666666667,0.0676,0.8269230769230769,0.8749999999999999,0.12390108021319923,0.40384615384615385,0.8111111111111111,0.9012896825396826,0.07906964047019971,0.43333333333333335,0.5688311688311688,0.60625,False
cleveland_drop_any,hgb,4,cleveland_only,drop_any_missing,num_gt_0,target_any,155,52,90,0.45806451612903226,0.4666666666666667,0.1025,0.8269230769230769,0.8883928571428572,0.10663641492707915,0.4807692307692308,0.8222222222222222,0.9226190476190477,0.10992764775829654,0.4666666666666667,0.5766233766233766,0.5375,False
cleveland_drop_any,hgb,5,cleveland_only,drop_any_missing,num_gt_0,target_any,155,52,90,0.45806451612903226,0.4666666666666667,0.066,0.7307692307692307,0.8482142857142857,0.15027024734444144,0.46153846153846156,0.8444444444444444,0.9231150793650793,0.06664189360795035,0.4888888888888889,0.5194805194805194,0.3375,False
cleveland_drop_any,hgb,6,cleveland_only,drop_any_missing,num_gt_0,target_any,155,52,90,0.45806451612903226,0.4666666666666667,0.0658,0.6730769230769231,0.7752976190476191,0.2178489025505062,0.5192307692307693,0.8444444444444444,0.9315476190476191,0.09636712031507942,0.5333333333333333,0.49870129870129876,0.26875000000000004,False
cleveland_drop_any,hgb,7,cleveland_only,drop_any_missing,num_gt_0,target_any,155,52,90,0.45806451612903226,0.4666666666666667,0.0663,0.6730769230769231,0.7738095238095238,0.22171489569320652,0.3269230769230769,0.8333333333333334,0.9087301587301588,0.09427475861720458,0.43333333333333335,0.522077922077922,0.50625,False
cleveland_drop_any,hgb,8,cleveland_only,drop_any_missing,num_gt_0,target_any,155,52,90,0.45806451612903226,0.4666666666666667,0.0665,0.6923076923076923,0.8020833333333334,0.18633843165049116,0.4230769230769231,0.8333333333333334,0.9032738095238094,0.08529490750720796,0.45555555555555555,0.41818181818181815,0.275,False
cleveland_drop_any,hgb,9,cleveland_only,drop_any_missing,num_gt_0,target_any,155,52,90,0.45806451612903226,0.4666666666666667,0.0639,0.8461538461538461,0.8869047619047619,0.11532518481234189,0.46153846153846156,0.8555555555555555,0.9196428571428571,0.0648811503899005,0.45555555555555555,0.4649350649350649,0.30625,False
multi_site_impute_any,logreg,0,cleveland_hungarian_switzerland_va,median_mode_impute,num_gt_0,target_any,622,208,90,0.5627009646302251,0.4666666666666667,0.0214,0.7980769230769231,0.8524466986005448,0.08211731898519017,0.5913461538461539,0.8111111111111111,0.8878968253968255,0.09763109621583124,0.45555555555555555,0.5584415584415584,0.50625,False
multi_site_impute_any,logreg,1,cleveland_hungarian_switzerland_va,median_mode_impute,num_gt_0,target_any,622,208,90,0.5627009646302251,0.4666666666666667,0.0194,0.8269230769230769,0.9040105193951348,0.06646676571014733,0.6394230769230769,0.8222222222222222,0.910218253968254,0.07419487072627909,0.4888888888888889,0.5662337662337662,0.4375,False
multi_site_impute_any,logreg,2,cleveland_hungarian_switzerland_va,median_mode_impute,num_gt_0,target_any,622,208,90,0.5627009646302251,0.4666666666666667,0.0212,0.8076923076923077,0.8986568986568987,0.0637163144012773,0.5721153846153846,0.8333333333333334,0.9146825396825397,0.06674583000676813,0.43333333333333335,0.522077922077922,0.50625,False
multi_site_impute_any,logreg,3,cleveland_hungarian_switzerland_va,median_mode_impute,num_gt_0,target_any,622,208,90,0.5627009646302251,0.4666666666666667,0.0233,0.7788461538461539,0.8600544754390909,0.07655596670105763,0.6298076923076923,0.8333333333333334,0.9146825396825397,0.08794411932464556,0.4777777777777778,0.5480519480519481,0.4375,False
multi_site_impute_any,logreg,4,cleveland_hungarian_switzerland_va,median_mode_impute,num_gt_0,target_any,622,208,90,0.5627009646302251,0.4666666666666667,0.0235,0.7740384615384616,0.8626843242227858,0.08745668780868343,0.5480769230769231,0.8111111111111111,0.9107142857142858,0.08849321666426697,0.45555555555555555,0.5584415584415584,0.50625,False
multi_site_impute_any,logreg,5,cleveland_hungarian_switzerland_va,median_mode_impute,num_gt_0,target_any,622,208,90,0.5627009646302251,0.4666666666666667,0.0204,0.8461538461538461,0.9191321499013807,0.05185349359632534,0.5625,0.8333333333333334,0.9290674603174603,0.08817459483708869,0.45555555555555555,0.5584415584415584,0.5375,False
multi_site_impute_any,logreg,6,cleveland_hungarian_switzerland_va,median_mode_impute,num_gt_0,target_any,622,208,90,0.5627009646302251,0.4666666666666667,0.021,0.8317307692307693,0.8750821827744906,0.04710415715198006,0.6153846153846154,0.8222222222222222,0.9141865079365079,0.06904884667295022,0.4444444444444444,0.5402597402597402,0.50625,False
multi_site_impute_any,logreg,7,cleveland_hungarian_switzerland_va,median_mode_impute,num_gt_0,target_any,622,208,90,0.5627009646302251,0.4666666666666667,0.0221,0.8365384615384616,0.8848501925425003,0.06741859168529131,0.5817307692307693,0.8111111111111111,0.8973214285714286,0.05838968117477645,0.45555555555555555,0.5584415584415584,0.50625,False
multi_site_impute_any,logreg,8,cleveland_hungarian_switzerland_va,median_mode_impute,num_gt_0,target_any,622,208,90,0.5627009646302251,0.4666666666666667,0.0216,0.7788461538461539,0.8599605522682445,0.05419052359013325,0.6105769230769231,0.8111111111111111,0.8854166666666666,0.09661252340785396,0.4777777777777778,0.5948051948051948,0.5375,False
multi_site_impute_any,logreg,9,cleveland_hungarian_switzerland_va,median_mode_impute,num_gt_0,target_any,622,208,90,0.5627009646302251,0.4666666666666667,0.021,0.8173076923076923,0.9134967596506058,0.059641618178211786,0.5528846153846154,0.8222222222222222,0.9161706349206349,0.0804208090779322,0.4444444444444444,0.5402597402597402,0.50625,False
multi_site_impute_any,rf,0,cleveland_hungarian_switzerland_va,median_mode_impute,num_gt_0,target_any,622,208,90,0.5627009646302251,0.4666666666666667,0.5312,0.8076923076923077,0.8678500986193295,0.09219768238623872,0.5913461538461539,0.8222222222222222,0.9275793650793651,0.14067190390586312,0.4666666666666667,0.5298701298701298,0.40625,False
multi_site_impute_any,rf,1,cleveland_hungarian_switzerland_va,median_mode_impute,num_gt_0,target_any,622,208,90,0.5627009646302251,0.4666666666666667,0.5286,0.8413461538461539,0.8964027425565888,0.08418427074445801,0.625,0.8333333333333334,0.9310515873015872,0.11150602421040907,0.4777777777777778,0.5480519480519481,0.4375,False
multi_site_impute_any,rf,2,cleveland_hungarian_switzerland_va,median_mode_impute,num_gt_0,target_any,622,208,90,0.5627009646302251,0.4666666666666667,0.5222,0.8076923076923077,0.8988447449985912,0.08348019446365114,0.6105769230769231,0.8333333333333334,0.931547619047619,0.12218139424763298,0.45555555555555555,0.5116883116883117,0.40625,False
multi_site_impute_any,rf,3,cleveland_hungarian_switzerland_va,median_mode_impute,num_gt_0,target_any,622,208,90,0.5627009646302251,0.4666666666666667,0.5362,0.8076923076923077,0.8638114022729407,0.08925424652532898,0.6201923076923077,0.8222222222222222,0.9290674603174602,0.10471593827774237,0.4444444444444444,0.5402597402597402,0.50625,False
multi_site_impute_any,rf,4,cleveland_hungarian_switzerland_va,median_mode_impute,num_gt_0,target_any,622,208,90,0.5627009646302251,0.4666666666666667,0.5249,0.8173076923076923,0.8655959425190194,0.08368411969497508,0.5432692307692307,0.8111111111111111,0.9305555555555556,0.12332006264839043,0.43333333333333335,0.522077922077922,0.475,False
multi_site_impute_any,rf,5,cleveland_hungarian_switzerland_va,median_mode_impute,num_gt_0,target_any,622,208,90,0.5627009646302251,0.4666666666666667,0.5392,0.8413461538461539,0.9252371560063867,0.09683508612616072,0.5480769230769231,0.8222222222222222,0.9454365079365079,0.14867410327020256,0.4666666666666667,0.5298701298701298,0.40625,False
multi_site_impute_any,rf,6,cleveland_hungarian_switzerland_va,median_mode_impute,num_gt_0,target_any,622,208,90,0.5627009646302251,0.4666666666666667,0.5351,0.8317307692307693,0.8721705644782568,0.08063755703650663,0.6057692307692307,0.8333333333333334,0.9325396825396826,0.11346990376606352,0.45555555555555555,0.5584415584415584,0.5375,False
multi_site_impute_any,rf,7,cleveland_hungarian_switzerland_va,median_mode_impute,num_gt_0,target_any,622,208,90,0.5627009646302251,0.4666666666666667,0.5398,0.8221153846153846,0.8763971071663379,0.060839648170995374,0.5769230769230769,0.8,0.9112103174603174,0.101738322664227,0.4444444444444444,0.587012987012987,0.60625,False
multi_site_impute_any,rf,8,cleveland_hungarian_switzerland_va,median_mode_impute,num_gt_0,target_any,622,208,90,0.5627009646302251,0.4666666666666667,0.5334,0.7836538461538461,0.8765849535080305,0.0654566544139296,0.625,0.8111111111111111,0.9201388888888888,0.10273466861890529,0.45555555555555555,0.5584415584415584,0.50625,False
multi_site_impute_any,rf,9,cleveland_hungarian_switzerland_va,median_mode_impute,num_gt_0,target_any,622,208,90,0.5627009646302251,0.4666666666666667,0.5257,0.8509615384615384,0.9171597633136095,0.07687775384776731,0.5673076923076923,0.8555555555555555,0.933531746031746,0.12349214309055202,0.4111111111111111,0.4857142857142857,0.50625,False
multi_site_impute_any,hgb,0,cleveland_hungarian_switzerland_va,median_mode_impute,num_gt_0,target_any,622,208,90,0.5627009646302251,0.4666666666666667,0.1651,0.7836538461538461,0.8421151498074574,0.1354981594120523,0.5480769230769231,0.8222222222222222,0.8764880952380952,0.15899710100302794,0.4888888888888889,0.4727272727272727,0.30625,False
multi_site_impute_any,hgb,1,cleveland_hungarian_switzerland_va,median_mode_impute,num_gt_0,target_any,622,208,90,0.5627009646302251,0.4666666666666667,0.1608,0.8173076923076923,0.8632478632478632,0.10521040870372488,0.6201923076923077,0.8333333333333334,0.8953373015873016,0.11096197307010111,0.5444444444444444,0.5168831168831169,0.26875000000000004,False
multi_site_impute_any,hgb,2,cleveland_hungarian_switzerland_va,median_mode_impute,num_gt_0,target_any,622,208,90,0.5627009646302251,0.4666666666666667,0.1621,0.8557692307692307,0.8952756645064338,0.09075772443405185,0.5817307692307693,0.8111111111111111,0.9087301587301586,0.10709084225639534,0.4777777777777778,0.5012987012987014,0.40625,False
multi_site_impute_any,hgb,3,cleveland_hungarian_switzerland_va,median_mode_impute,num_gt_0,target_any,622,208,90,0.5627009646302251,0.4666666666666667,0.1583,0.7740384615384616,0.8242697473466705,0.14374707544434265,0.6057692307692307,0.8222222222222222,0.904265873015873,0.131683907092365,0.4666666666666667,0.5766233766233766,0.5375,False
multi_site_impute_any,hgb,4,cleveland_hungarian_switzerland_va,median_mode_impute,num_gt_0,target_any,622,208,90,0.5627009646302251,0.4666666666666667,0.1572,0.7644230769230769,0.8406123790739175,0.145707347625159,0.5096153846153846,0.8111111111111111,0.8839285714285714,0.1301427752586498,0.5,0.5844155844155845,0.56875,False
multi_site_impute_any,hgb,5,cleveland_hungarian_switzerland_va,median_mode_impute,num_gt_0,target_any,622,208,90,0.5627009646302251,0.4666666666666667,0.1576,0.8365384615384616,0.9110547572086033,0.06602204564804039,0.5528846153846154,0.8333333333333334,0.9236111111111112,0.1017591981936384,0.4777777777777778,0.5012987012987014,0.30625,False
multi_site_impute_any,hgb,6,cleveland_hungarian_switzerland_va,median_mode_impute,num_gt_0,target_any,622,208,90,0.5627009646302251,0.4666666666666667,0.1598,0.8125,0.8600544754390907,0.08425624856796182,0.625,0.8,0.8953373015873016,0.12288053275524213,0.4888888888888889,0.5662337662337662,0.5375,False
multi_site_impute_any,hgb,7,cleveland_hungarian_switzerland_va,median_mode_impute,num_gt_0,target_any,622,208,90,0.5627009646302251,0.4666666666666667,0.163,0.7884615384615384,0.8613693998309383,0.09981813628786006,0.5528846153846154,0.7888888888888889,0.8745039682539681,0.15483394850037593,0.5,0.5844155844155845,0.5375,False
multi_site_impute_any,hgb,8,cleveland_hungarian_switzerland_va,median_mode_impute,num_gt_0,target_any,622,208,90,0.5627009646302251,0.4666666666666667,0.165,0.7692307692307693,0.8447449985911525,0.11698355656989444,0.6009615384615384,0.8111111111111111,0.8928571428571428,0.132231903999443,0.5,0.5376623376623377,0.4375,False
multi_site_impute_any,hgb,9,cleveland_hungarian_switzerland_va,median_mode_impute,num_gt_0,target_any,622,208,90,0.5627009646302251,0.4666666666666667,0.1637,0.8461538461538461,0.9060768291537522,0.08533904560615875,0.5625,0.8555555555555555,0.9265873015873016,0.06821314849520937,0.4777777777777778,0.45454545454545453,0.3375,False
multi_site_drop_any,logreg,0,cleveland_hungarian_switzerland_va,drop_any_missing,num_gt_0,target_any,156,53,90,0.46153846153846156,0.4666666666666667,0.0149,0.8867924528301887,0.9114285714285714,0.15205430029284478,0.39622641509433965,0.8111111111111111,0.9186507936507936,0.09200593106899989,0.43333333333333335,0.5688311688311688,0.60625,False
multi_site_drop_any,logreg,1,cleveland_hungarian_switzerland_va,drop_any_missing,num_gt_0,target_any,156,53,90,0.46153846153846156,0.4666666666666667,0.0147,0.8679245283018868,0.9028571428571429,0.12512840016804078,0.49056603773584906,0.8444444444444444,0.9122023809523809,0.09012712435742837,0.4666666666666667,0.5298701298701298,0.4375,False
multi_site_drop_any,logreg,2,cleveland_hungarian_switzerland_va,drop_any_missing,num_gt_0,target_any,156,53,90,0.46153846153846156,0.4666666666666667,0.0152,0.8301886792452831,0.8828571428571428,0.10105033198806496,0.37735849056603776,0.8,0.9146825396825398,0.0888088288747052,0.4444444444444444,0.587012987012987,0.60625,False
multi_site_drop_any,logreg,3,cleveland_hungarian_switzerland_va,drop_any_missing,num_gt_0,target_any,156,53,90,0.46153846153846156,0.4666666666666667,0.0149,0.8490566037735849,0.91,0.05387751584231893,0.39622641509433965,0.8333333333333334,0.9151785714285714,0.0955001992791934,0.43333333333333335,0.522077922077922,0.50625,False
multi_site_drop_any,logreg,4,cleveland_hungarian_switzerland_va,drop_any_missing,num_gt_0,target_any,156,53,90,0.46153846153846156,0.4666666666666667,0.0136,0.8679245283018868,0.9242857142857143,0.06245351189805813,0.49056603773584906,0.8444444444444444,0.9211309523809523,0.05236437083607138,0.4444444444444444,0.5402597402597402,0.5375,False
multi_site_drop_any,logreg,5,cleveland_hungarian_switzerland_va,drop_any_missing,num_gt_0,target_any,156,53,90,0.46153846153846156,0.4666666666666667,0.015,0.8113207547169812,0.9185714285714286,0.07735154159718015,0.39622641509433965,0.8333333333333334,0.9161706349206349,0.06510426694185067,0.45555555555555555,0.5584415584415584,0.5375,False
multi_site_drop_any,logreg,6,cleveland_hungarian_switzerland_va,drop_any_missing,num_gt_0,target_any,156,53,90,0.46153846153846156,0.4666666666666667,0.0145,0.7735849056603774,0.8442857142857142,0.15636163968487488,0.5094339622641509,0.8333333333333334,0.9370039682539681,0.0974805617709841,0.4777777777777778,0.5480519480519481,0.4375,False
multi_site_drop_any,logreg,7,cleveland_hungarian_switzerland_va,drop_any_missing,num_gt_0,target_any,156,53,90,0.46153846153846156,0.4666666666666667,0.014,0.8490566037735849,0.8957142857142857,0.10451015117756406,0.3584905660377358,0.8111111111111111,0.9260912698412698,0.07050467272589339,0.45555555555555555,0.6051948051948052,0.6375,False
multi_site_drop_any,logreg,8,cleveland_hungarian_switzerland_va,drop_any_missing,num_gt_0,target_any,156,53,90,0.46153846153846156,0.4666666666666667,0.0141,0.7547169811320755,0.8642857142857143,0.12500760045189732,0.49056603773584906,0.8111111111111111,0.9117063492063492,0.08703966478600582,0.45555555555555555,0.5116883116883117,0.375,False
multi_site_drop_any,logreg,9,cleveland_hungarian_switzerland_va,drop_any_missing,num_gt_0,target_any,156,53,90,0.46153846153846156,0.4666666666666667,0.0155,0.9622641509433962,0.9971428571428571,0.1452750608633174,0.4339622641509434,0.8444444444444444,0.9211309523809523,0.07853466927210374,0.4444444444444444,0.4935064935064935,0.40625,False
multi_site_drop_any,rf,0,cleveland_hungarian_switzerland_va,drop_any_missing,num_gt_0,target_any,156,53,90,0.46153846153846156,0.4666666666666667,0.4503,0.8490566037735849,0.9042857142857144,0.10701550662921328,0.3584905660377358,0.8222222222222222,0.941468253968254,0.14891464130593987,0.4222222222222222,0.5038961038961038,0.475,False
multi_site_drop_any,rf,1,cleveland_hungarian_switzerland_va,drop_any_missing,num_gt_0,target_any,156,53,90,0.46153846153846156,0.4666666666666667,0.4569,0.8301886792452831,0.9099999999999999,0.1268949326656665,0.49056603773584906,0.8333333333333334,0.9255952380952381,0.10933757717035616,0.43333333333333335,0.5688311688311688,0.6375,False
multi_site_drop_any,rf,2,cleveland_hungarian_switzerland_va,drop_any_missing,num_gt_0,target_any,156,53,90,0.46153846153846156,0.4666666666666667,0.4599,0.8301886792452831,0.8942857142857142,0.14456721994662428,0.41509433962264153,0.8222222222222222,0.935515873015873,0.09769251973523384,0.4222222222222222,0.5506493506493506,0.60625,False
multi_site_drop_any,rf,3,cleveland_hungarian_switzerland_va,drop_any_missing,num_gt_0,target_any,156,53,90,0.46153846153846156,0.4666666666666667,0.4597,0.8113207547169812,0.9057142857142857,0.10579968942752599,0.4339622641509434,0.8111111111111111,0.9315476190476191,0.11435810439715012,0.4111111111111111,0.4857142857142857,0.44375,False
multi_site_drop_any,rf,4,cleveland_hungarian_switzerland_va,drop_any_missing,num_gt_0,target_any,156,53,90,0.46153846153846156,0.4666666666666667,0.46,0.8301886792452831,0.9242857142857143,0.11730602418741737,0.49056603773584906,0.8111111111111111,0.9330357142857142,0.1344217780494731,0.45555555555555555,0.5584415584415584,0.50625,False
multi_site_drop_any,rf,5,cleveland_hungarian_switzerland_va,drop_any_missing,num_gt_0,target_any,156,53,90,0.46153846153846156,0.4666666666666667,0.46,0.8113207547169812,0.8842857142857142,0.09611846377772634,0.4339622641509434,0.8333333333333334,0.9320436507936507,0.12464339182864284,0.45555555555555555,0.5116883116883117,0.40625,False
multi_site_drop_any,rf,6,cleveland_hungarian_switzerland_va,drop_any_missing,num_gt_0,target_any,156,53,90,0.46153846153846156,0.4666666666666667,0.5217,0.7547169811320755,0.8185714285714286,0.163817161763308,0.5283018867924528,0.8444444444444444,0.947420634920635,0.09397681215881326,0.4666666666666667,0.5298701298701298,0.4375,False
multi_site_drop_any,rf,7,cleveland_hungarian_switzerland_va,drop_any_missing,num_gt_0,target_any,156,53,90,0.46153846153846156,0.4666666666666667,0.4569,0.8113207547169812,0.9014285714285714,0.0909165732528345,0.3584905660377358,0.8222222222222222,0.9310515873015872,0.12197265924280835,0.4666666666666667,0.5766233766233766,0.5375,False
multi_site_drop_any,rf,8,cleveland_hungarian_switzerland_va,drop_any_missing,num_gt_0,target_any,156,53,90,0.46153846153846156,0.4666666666666667,0.4579,0.7735849056603774,0.8585714285714285,0.1237992266056391,0.4339622641509434,0.8333333333333334,0.9290674603174603,0.13892906405890615,0.4777777777777778,0.5012987012987014,0.30625,False
multi_site_drop_any,rf,9,cleveland_hungarian_switzerland_va,drop_any_missing,num_gt_0,target_any,156,53,90,0.46153846153846156,0.4666666666666667,0.4579,0.8867924528301887,0.9828571428571429,0.17006354674488877,0.39622641509433965,0.8333333333333334,0.9409722222222222,0.1174120387125336,0.43333333333333335,0.522077922077922,0.50625,False
multi_site_drop_any,hgb,0,cleveland_hungarian_switzerland_va,drop_any_missing,num_gt_0,target_any,156,53,90,0.46153846153846156,0.4666666666666667,0.0649,0.8301886792452831,0.8757142857142857,0.1408323996139547,0.37735849056603776,0.8,0.9196428571428571,0.09688619812539499,0.4666666666666667,0.4831168831168831,0.375,False
multi_site_drop_any,hgb,1,cleveland_hungarian_switzerland_va,drop_any_missing,num_gt_0,target_any,156,53,90,0.46153846153846156,0.4666666666666667,0.0645,0.6981132075471698,0.8728571428571429,0.1494111688758138,0.6226415094339622,0.8333333333333334,0.9037698412698413,0.09992556156074514,0.5,0.5844155844155845,0.46875,False
multi_site_drop_any,hgb,2,cleveland_hungarian_switzerland_va,drop_any_missing,num_gt_0,target_any,156,53,90,0.46153846153846156,0.4666666666666667,0.0646,0.7547169811320755,0.7814285714285714,0.17452783657432314,0.37735849056603776,0.8444444444444444,0.9226190476190476,0.0818788762927955,0.4666666666666667,0.5766233766233766,0.56875,False
multi_site_drop_any,hgb,3,cleveland_hungarian_switzerland_va,drop_any_missing,num_gt_0,target_any,156,53,90,0.46153846153846156,0.4666666666666667,0.0672,0.7358490566037735,0.8585714285714285,0.16593676138806382,0.39622641509433965,0.8333333333333334,0.9047619047619048,0.09599071640334521,0.4111111111111111,0.5324675324675324,0.60625,False
multi_site_drop_any,hgb,4,cleveland_hungarian_switzerland_va,drop_any_missing,num_gt_0,target_any,156,53,90,0.46153846153846156,0.4666666666666667,0.07,0.8490566037735849,0.8757142857142858,0.15587063130178702,0.4716981132075472,0.8222222222222222,0.9206349206349207,0.09097439550040001,0.4444444444444444,0.587012987012987,0.6375,False
multi_site_drop_any,hgb,5,cleveland_hungarian_switzerland_va,drop_any_missing,num_gt_0,target_any,156,53,90,0.46153846153846156,0.4666666666666667,0.0651,0.7547169811320755,0.8528571428571428,0.14941163605706637,0.49056603773584906,0.8111111111111111,0.9107142857142857,0.08095890683854559,0.4777777777777778,0.5480519480519481,0.40625,False
multi_site_drop_any,hgb,6,cleveland_hungarian_switzerland_va,drop_any_missing,num_gt_0,target_any,156,53,90,0.46153846153846156,0.4666666666666667,0.0625,0.6792452830188679,0.8014285714285715,0.22511896972591214,0.5283018867924528,0.8111111111111111,0.9399801587301587,0.12111806073310645,0.5222222222222223,0.48051948051948057,0.20625000000000004,False
multi_site_drop_any,hgb,7,cleveland_hungarian_switzerland_va,drop_any_missing,num_gt_0,target_any,156,53,90,0.46153846153846156,0.4666666666666667,0.0638,0.7358490566037735,0.8542857142857142,0.14640158624388233,0.4339622641509434,0.7888888888888889,0.9052579365079365,0.11508988293976231,0.45555555555555555,0.6051948051948052,0.60625,False
multi_site_drop_any,hgb,8,cleveland_hungarian_switzerland_va,drop_any_missing,num_gt_0,target_any,156,53,90,0.46153846153846156,0.4666666666666667,0.066,0.7169811320754716,0.8028571428571428,0.21473777265223595,0.4528301886792453,0.8111111111111111,0.8898809523809524,0.09390892492578803,0.4777777777777778,0.36103896103896105,0.14375000000000004,False
multi_site_drop_any,hgb,9,cleveland_hungarian_switzerland_va,drop_any_missing,num_gt_0,target_any,156,53,90,0.46153846153846156,0.4666666666666667,0.0654,0.8490566037735849,0.89,0.1213524247707193,0.4339622641509434,0.8444444444444444,0.9290674603174603,0.11594738893442069,0.4444444444444444,0.44675324675324674,0.275,False
cleveland_impute_severe,logreg,0,cleveland_only,median_mode_impute,num_ge_2,target_severe,159,54,90,0.27672955974842767,0.2777777777777778,0.0147,0.7407407407407407,0.8358974358974359,0.131798936010091,0.35185185185185186,0.8555555555555555,0.9113846153846153,0.06456497373376581,0.28888888888888886,0.28571428571428575,-0.050000000000000044,False
cleveland_impute_severe,logreg,1,cleveland_only,median_mode_impute,num_ge_2,target_severe,159,54,90,0.27672955974842767,0.2777777777777778,0.0144,0.8518518518518519,0.9128205128205129,0.08238891016020428,0.3148148148148148,0.8333333333333334,0.9070769230769231,0.07125964815910438,0.28888888888888886,0.23896103896103899,-0.10000000000000009,False
cleveland_impute_severe,logreg,2,cleveland_only,median_mode_impute,num_ge_2,target_severe,159,54,90,0.27672955974842767,0.2777777777777778,0.0142,0.8333333333333334,0.8888888888888888,0.09038048506971048,0.2962962962962963,0.8333333333333334,0.9058461538461537,0.08840778287068879,0.28888888888888886,0.33246753246753247,0.15000000000000002,False
cleveland_impute_severe,logreg,3,cleveland_only,median_mode_impute,num_ge_2,target_severe,159,54,90,0.27672955974842767,0.2777777777777778,0.0139,0.8333333333333334,0.8803418803418803,0.15642854900367426,0.2962962962962963,0.8555555555555555,0.9132307692307693,0.09274393342964804,0.28888888888888886,0.28571428571428575,-0.050000000000000044,False
cleveland_impute_severe,logreg,4,cleveland_only,median_mode_impute,num_ge_2,target_severe,159,54,90,0.27672955974842767,0.2777777777777778,0.0142,0.7777777777777778,0.8854700854700855,0.09182871163440376,0.2777777777777778,0.8666666666666667,0.9150769230769231,0.07320646751573545,0.2777777777777778,0.2207792207792208,-0.050000000000000044,False
cleveland_impute_severe,logreg,5,cleveland_only,median_mode_impute,num_ge_2,target_severe,159,54,90,0.27672955974842767,0.2777777777777778,0.0144,0.8703703703703703,0.9692307692307692,0.10603452436608678,0.3333333333333333,0.8666666666666667,0.9046153846153846,0.06285260754744429,0.2777777777777778,0.26753246753246757,-0.050000000000000044,False
cleveland_impute_severe,logreg,6,cleveland_only,median_mode_impute,num_ge_2,target_severe,159,54,90,0.27672955974842767,0.2777777777777778,0.0143,0.8148148148148148,0.8717948717948718,0.08704850819060088,0.16666666666666666,0.8111111111111111,0.9083076923076924,0.10503164800039128,0.26666666666666666,0.24935064935064938,0.050000000000000044,False
cleveland_impute_severe,logreg,7,cleveland_only,median_mode_impute,num_ge_2,target_severe,159,54,90,0.27672955974842767,0.2777777777777778,0.0145,0.8518518518518519,0.9111111111111111,0.08560294781884634,0.2037037037037037,0.8444444444444444,0.9132307692307693,0.08410471409349872,0.2777777777777778,0.2207792207792208,-0.10000000000000009,False
cleveland_impute_severe,logreg,8,cleveland_only,median_mode_impute,num_ge_2,target_severe,159,54,90,0.27672955974842767,0.2777777777777778,0.014,0.8333333333333334,0.9008547008547009,0.14055734883369778,0.2222222222222222,0.8444444444444444,0.9126153846153846,0.07306156726687127,0.25555555555555554,0.2311688311688312,-0.15000000000000002,False
cleveland_impute_severe,logreg,9,cleveland_only,median_mode_impute,num_ge_2,target_severe,159,54,90,0.27672955974842767,0.2777777777777778,0.0143,0.8333333333333334,0.9042735042735043,0.09005166458584664,0.2962962962962963,0.8555555555555555,0.8978461538461537,0.057316410087226245,0.28888888888888886,0.23896103896103899,-0.050000000000000044,False
cleveland_impute_severe,rf,0,cleveland_only,median_mode_impute,num_ge_2,target_severe,159,54,90,0.27672955974842767,0.2777777777777778,0.4539,0.6851851851851852,0.8205128205128206,0.16096688977061063,0.2962962962962963,0.8333333333333334,0.8966153846153846,0.12450521059846398,0.26666666666666666,0.2961038961038961,0.09999999999999998,False
cleveland_impute_severe,rf,1,cleveland_only,median_mode_impute,num_ge_2,target_severe,159,54,90,0.27672955974842767,0.2777777777777778,0.4553,0.8148148148148148,0.8871794871794871,0.09768949523830621,0.2777777777777778,0.8333333333333334,0.8910769230769231,0.09685874007904487,0.24444444444444444,0.2597402597402597,0.050000000000000044,False
cleveland_impute_severe,rf,2,cleveland_only,median_mode_impute,num_ge_2,target_severe,159,54,90,0.27672955974842767,0.2777777777777778,0.4442,0.7777777777777778,0.8991452991452992,0.11553751362040263,0.24074074074074073,0.8222222222222222,0.8923076923076922,0.11603138709654451,0.2777777777777778,0.3142857142857143,0.09999999999999998,False
cleveland_impute_severe,rf,3,cleveland_only,median_mode_impute,num_ge_2,target_severe,159,54,90,0.27672955974842767,0.2777777777777778,0.4524,0.8148148148148148,0.9418803418803419,0.12915375463217718,0.24074074074074073,0.8222222222222222,0.8953846153846153,0.10902643671180748,0.25555555555555554,0.2779220779220779,0.050000000000000044,False
cleveland_impute_severe,rf,4,cleveland_only,median_mode_impute,num_ge_2,target_severe,159,54,90,0.27672955974842767,0.2777777777777778,0.4569,0.7592592592592593,0.8803418803418803,0.14504946507530198,0.2222222222222222,0.8444444444444444,0.8984615384615385,0.07395921814520125,0.23333333333333334,0.24155844155844156,0.050000000000000044,False
cleveland_impute_severe,rf,5,cleveland_only,median_mode_impute,num_ge_2,target_severe,159,54,90,0.27672955974842767,0.2777777777777778,0.4447,0.8888888888888888,0.964102564102564,0.1275586614063602,0.2777777777777778,0.8222222222222222,0.8787692307692307,0.09686118938495054,0.25555555555555554,0.2779220779220779,0.050000000000000044,False
cleveland_impute_severe,rf,6,cleveland_only,median_mode_impute,num_ge_2,target_severe,159,54,90,0.27672955974842767,0.2777777777777778,0.4568,0.8333333333333334,0.905982905982906,0.13756155262844574,0.18518518518518517,0.8333333333333334,0.9064615384615385,0.11433444493306895,0.24444444444444444,0.2597402597402597,0.050000000000000044,False
cleveland_impute_severe,rf,7,cleveland_only,median_mode_impute,num_ge_2,target_severe,159,54,90,0.27672955974842767,0.2777777777777778,0.4482,0.8333333333333334,0.8991452991452991,0.10499338397109903,0.18518518518518517,0.8555555555555555,0.9107692307692308,0.1200781178241868,0.2222222222222222,0.22337662337662337,0.050000000000000044,False
cleveland_impute_severe,rf,8,cleveland_only,median_mode_impute,num_ge_2,target_severe,159,54,90,0.27672955974842767,0.2777777777777778,0.4475,0.8148148148148148,0.882051282051282,0.07701808898111139,0.2037037037037037,0.8444444444444444,0.9126153846153846,0.07033830319662719,0.25555555555555554,0.2779220779220779,0.09999999999999998,False
cleveland_impute_severe,rf,9,cleveland_only,median_mode_impute,num_ge_2,target_severe,159,54,90,0.27672955974842767,0.2777777777777778,0.4537,0.8703703703703703,0.9128205128205128,0.09423117898869494,0.25925925925925924,0.8333333333333334,0.9009230769230769,0.09411672414133651,0.24444444444444444,0.212987012987013,0.050000000000000044,False
cleveland_impute_severe,hgb,0,cleveland_only,median_mode_impute,num_ge_2,target_severe,159,54,90,0.27672955974842767,0.2777777777777778,0.0656,0.7037037037037037,0.8324786324786324,0.19024418464171264,0.2777777777777778,0.8444444444444444,0.8879999999999999,0.10878804892779348,0.3,0.3038961038961039,-0.050000000000000044,False
cleveland_impute_severe,hgb,1,cleveland_only,median_mode_impute,num_ge_2,target_severe,159,54,90,0.27672955974842767,0.2777777777777778,0.0626,0.8518518518518519,0.9025641025641026,0.11017459256045206,0.2777777777777778,0.8222222222222222,0.8984615384615384,0.12091701229373635,0.23333333333333334,0.24155844155844156,0.0,False
cleveland_impute_severe,hgb,2,cleveland_only,median_mode_impute,num_ge_2,target_severe,159,54,90,0.27672955974842767,0.2777777777777778,0.0647,0.7777777777777778,0.8803418803418803,0.15131736914426872,0.2037037037037037,0.8111111111111111,0.8923076923076922,0.11443839722354834,0.26666666666666666,0.34285714285714286,0.29999999999999993,False
cleveland_impute_severe,hgb,3,cleveland_only,median_mode_impute,num_ge_2,target_severe,159,54,90,0.27672955974842767,0.2777777777777778,0.0644,0.7962962962962963,0.8495726495726496,0.16007215628951463,0.25925925925925924,0.8333333333333334,0.8941538461538462,0.12493850660128061,0.28888888888888886,0.28571428571428575,-0.10000000000000009,False
cleveland_impute_severe,hgb,4,cleveland_only,median_mode_impute,num_ge_2,target_severe,159,54,90,0.27672955974842767,0.2777777777777778,0.0649,0.7592592592592593,0.8666666666666667,0.1296854546319806,0.2222222222222222,0.8,0.8873846153846154,0.13033700811847043,0.23333333333333334,0.24155844155844156,-0.04999999999999993,False
cleveland_impute_severe,hgb,5,cleveland_only,median_mode_impute,num_ge_2,target_severe,159,54,90,0.27672955974842767,0.2777777777777778,0.0669,0.9074074074074074,0.9589743589743589,0.1027264277929938,0.3333333333333333,0.8,0.8935384615384615,0.07526193272633838,0.25555555555555554,0.2779220779220779,0.0,False
cleveland_impute_severe,hgb,6,cleveland_only,median_mode_impute,num_ge_2,target_severe,159,54,90,0.27672955974842767,0.2777777777777778,0.0655,0.8148148148148148,0.8102564102564104,0.13433974153911937,0.16666666666666666,0.8333333333333334,0.9027692307692308,0.11737373930626768,0.2222222222222222,0.22337662337662337,0.0,False
cleveland_impute_severe,hgb,7,cleveland_only,median_mode_impute,num_ge_2,target_severe,159,54,90,0.27672955974842767,0.2777777777777778,0.0644,0.8518518518518519,0.8786324786324786,0.11381089293305782,0.2037037037037037,0.8666666666666667,0.9175384615384615,0.09911719813043354,0.2777777777777778,0.3142857142857143,0.20000000000000007,False
cleveland_impute_severe,hgb,8,cleveland_only,median_mode_impute,num_ge_2,target_severe,159,54,90,0.27672955974842767,0.2777777777777778,0.0663,0.8333333333333334,0.8547008547008547,0.155195350225309,0.2222222222222222,0.8,0.9003076923076924,0.12498807983303112,0.25555555555555554,0.2779220779220779,0.0,False
cleveland_impute_severe,hgb,9,cleveland_only,median_mode_impute,num_ge_2,target_severe,159,54,90,0.27672955974842767,0.2777777777777778,0.0679,0.7962962962962963,0.8735042735042735,0.10133670549025468,0.2222222222222222,0.8666666666666667,0.9021538461538461,0.08935564701763839,0.3,0.35064935064935066,0.25,False
